Year,Age,Gender,log_Mu
1950.0,0.0,0.0,-3.5681496533266226
1950.0,10.0,0.0,-7.763421389039857
1950.0,12.0,0.0,-7.780029125439517
1950.0,15.0,0.0,-7.395515629817131
1950.0,21.0,0.0,-6.943382456625288
1950.0,23.0,0.0,-6.86469578952169
1950.0,30.0,0.0,-6.564875046065594
1950.0,35.0,0.0,-6.210616077152654
1950.0,37.0,0.0,-6.065326395706437
1950.0,38.0,0.0,-5.986278020420682
1950.0,42.0,0.0,-5.653564758495584
1950.0,43.0,0.0,-5.574070868134544
1950.0,45.0,0.0,-5.426605386849568
1950.0,46.0,0.0,-5.3401815706467355
1950.0,48.0,0.0,-5.1862394631426865
1950.0,53.0,0.0,-4.787411745981875
1950.0,64.0,0.0,-3.889576816598316
1950.0,65.0,0.0,-3.816303818369602
1950.0,66.0,0.0,-3.7470595661803987
1950.0,68.0,0.0,-3.571096418457553
1950.0,76.0,0.0,-2.7465000114774094
1950.0,82.0,0.0,-2.222342405317843
1950.0,91.0,0.0,-1.4542863051304926
1950.0,92.0,0.0,-1.346339302279801
1950.0,97.0,0.0,-1.144142223166556
1950.0,98.0,0.0,-1.2129092826346617
1951.0,6.0,0.0,-7.415253112655453
1951.0,7.0,0.0,-7.612975040776352
1951.0,11.0,0.0,-7.893932138320459
1951.0,12.0,0.0,-7.851931214345828
1951.0,14.0,0.0,-7.600902459542082
1951.0,19.0,0.0,-7.063240181822532
1951.0,32.0,0.0,-6.444650391427558
1951.0,33.0,0.0,-6.39433302936888
1951.0,37.0,0.0,-6.106202224578405
1951.0,40.0,0.0,-5.823580038111797
1951.0,44.0,0.0,-5.534546157410902
1951.0,47.0,0.0,-5.310592397423649
1951.0,50.0,0.0,-5.009386074695824
1951.0,51.0,0.0,-4.9378496243706085
1951.0,53.0,0.0,-4.761707043808319
1951.0,55.0,0.0,-4.637176982123178
1951.0,60.0,0.0,-4.251349311032265
1951.0,74.0,0.0,-2.950778028552949
1951.0,84.0,0.0,-2.0248397264882523
1952.0,3.0,0.0,-6.976034119735432
1952.0,12.0,0.0,-7.737868314615239
1952.0,14.0,0.0,-7.52951246345541
1952.0,17.0,0.0,-7.1927742340144345
1952.0,21.0,0.0,-7.050471581183732
1952.0,22.0,0.0,-7.006471251921295
1952.0,29.0,0.0,-6.6750575148631155
1952.0,35.0,0.0,-6.272237211258828
1952.0,36.0,0.0,-6.198734749265902
1952.0,37.0,0.0,-6.12705520141433
1952.0,40.0,0.0,-5.865008123155422
1952.0,46.0,0.0,-5.412158182971797
1952.0,50.0,0.0,-5.033341131631894
1952.0,53.0,0.0,-4.800090778358562
1952.0,55.0,0.0,-4.658570962715206
1952.0,56.0,0.0,-4.589296836831801
1952.0,65.0,0.0,-3.8377043411858467
1952.0,81.0,0.0,-2.3735763885723307
1952.0,82.0,0.0,-2.2859049827428475
1952.0,84.0,0.0,-2.0461460402821965
1952.0,85.0,0.0,-1.9476626838476891
1952.0,91.0,0.0,-1.487946206848025
1953.0,2.0,0.0,-6.792642471881632
1953.0,10.0,0.0,-8.034767042171945
1953.0,11.0,0.0,-7.946213644830499
1953.0,12.0,0.0,-7.851931214345828
1953.0,17.0,0.0,-7.26872514720375
1953.0,19.0,0.0,-7.143477612503207
1953.0,20.0,0.0,-7.146012468106395
1953.0,25.0,0.0,-6.984636323318095
1953.0,26.0,0.0,-6.943382456625288
1953.0,27.0,0.0,-6.902767737471098
1953.0,28.0,0.0,-6.815176097689044
1953.0,32.0,0.0,-6.575577966643805
1953.0,33.0,0.0,-6.503624393887109
1953.0,42.0,0.0,-5.7340355178272215
1953.0,47.0,0.0,-5.364670867098058
1953.0,56.0,0.0,-4.60637090656461
1953.0,61.0,0.0,-4.230370492190812
1953.0,63.0,0.0,-4.043841580048994
1953.0,76.0,0.0,-2.7995899977427245
1953.0,77.0,0.0,-2.7110647402630814
1953.0,78.0,0.0,-2.620245388965513
1953.0,82.0,0.0,-2.2610593461655473
1953.0,86.0,0.0,-1.871738178949504
1953.0,93.0,0.0,-1.304047315554525
1953.0,98.0,0.0,-0.9970182573151943
1953.0,99.0,0.0,-1.203569552309627
1954.0,3.0,0.0,-7.1447442371184
1954.0,10.0,0.0,-7.9748689005908755
1954.0,11.0,0.0,-8.078938260485081
1954.0,14.0,0.0,-7.7728777242818925
1954.0,16.0,0.0,-7.525794987055277
1954.0,18.0,0.0,-7.355606103586739
1954.0,20.0,0.0,-7.222466023821838
1954.0,23.0,0.0,-7.166526007939498
1954.0,27.0,0.0,-7.002065958453378
1954.0,28.0,0.0,-6.905757276319464
1954.0,33.0,0.0,-6.586396680170973
1954.0,35.0,0.0,-6.424095323288916
1954.0,38.0,0.0,-6.175387385268911
1954.0,44.0,0.0,-5.651569603209267
1954.0,46.0,0.0,-5.504112279527633
1954.0,48.0,0.0,-5.336019233732048
1954.0,62.0,0.0,-4.194054406371112
1954.0,64.0,0.0,-3.992474129825773
1954.0,66.0,0.0,-3.824057916699502
1954.0,69.0,0.0,-3.581030038339239
1954.0,72.0,0.0,-3.252587739353737
1954.0,73.0,0.0,-3.152082036259194
1954.0,80.0,0.0,-2.5043096769349553
1954.0,82.0,0.0,-2.3100932084843673
1954.0,85.0,0.0,-2.0372483277108207
1954.0,88.0,0.0,-1.781692313516008
1954.0,89.0,0.0,-1.6935752416404013
1954.0,90.0,0.0,-1.5858239301367734
1954.0,93.0,0.0,-1.3640633122785686
1954.0,100.0,0.0,-0.9923001259700025
1955.0,4.0,0.0,-7.366621163817417
1955.0,7.0,0.0,-7.851931214345828
1955.0,13.0,0.0,-7.954724334498408
1955.0,18.0,0.0,-7.346260241168502
1955.0,19.0,0.0,-7.28172172003093
1955.0,20.0,0.0,-7.2446275956246895
1955.0,26.0,0.0,-7.057416053536543
1955.0,33.0,0.0,-6.618823987129924
1955.0,37.0,0.0,-6.2920292453907765
1955.0,39.0,0.0,-6.092390465697942
1955.0,43.0,0.0,-5.7483615180541685
1955.0,48.0,0.0,-5.372179215146492
1955.0,49.0,0.0,-5.271091380294445
1955.0,50.0,0.0,-5.176453778791196
1955.0,53.0,0.0,-4.913735469356296
1955.0,54.0,0.0,-4.84038631853657
1955.0,56.0,0.0,-4.691490892454619
1955.0,60.0,0.0,-4.389494449521402
1955.0,63.0,0.0,-4.116774237188285
1955.0,69.0,0.0,-3.5707409260968945
1955.0,70.0,0.0,-3.481442609841585
1955.0,75.0,0.0,-2.9310500127474612
1955.0,81.0,0.0,-2.407101520550044
1955.0,89.0,0.0,-1.6606838395224464
1955.0,92.0,0.0,-1.4885308726750177
1955.0,97.0,0.0,-1.1062141094312352
1955.0,100.0,0.0,-0.9179746488668966
1956.0,1.0,0.0,-6.3435784797191515
1956.0,11.0,0.0,-8.031685375634536
1956.0,13.0,0.0,-8.019452807198903
1956.0,18.0,0.0,-7.368204695423061
1956.0,24.0,0.0,-7.1472823095468705
1956.0,25.0,0.0,-7.112322444723412
1956.0,38.0,0.0,-6.213608598089109
1956.0,43.0,0.0,-5.763532479061975
1956.0,44.0,0.0,-5.676361879080209
1956.0,50.0,0.0,-5.211956200899993
1956.0,58.0,0.0,-4.539007983734423
1956.0,62.0,0.0,-4.224681063950104
1956.0,67.0,0.0,-3.747017170843879
1956.0,68.0,0.0,-3.6550965761463674
1956.0,73.0,0.0,-3.186941206337855
1956.0,74.0,0.0,-3.0722462146542378
1956.0,75.0,0.0,-2.962316840014587
1956.0,76.0,0.0,-2.8508357098507724
1956.0,78.0,0.0,-2.65528224456356
1956.0,83.0,0.0,-2.182316260603101
1956.0,87.0,0.0,-1.8361377799510874
1956.0,94.0,0.0,-1.2825471461320388
1956.0,96.0,0.0,-1.1783797842159776
1957.0,2.0,0.0,-6.939245946073508
1957.0,13.0,0.0,-7.875339305243843
1957.0,16.0,0.0,-7.464624841249535
1957.0,19.0,0.0,-7.270160897629855
1957.0,21.0,0.0,-7.236259345954173
1957.0,24.0,0.0,-7.1147794484164635
1957.0,27.0,0.0,-7.003165463786796
1957.0,35.0,0.0,-6.435254769537814
1957.0,38.0,0.0,-6.17490673157064
1957.0,42.0,0.0,-5.851354839123337
1957.0,47.0,0.0,-5.428426051895057
1957.0,48.0,0.0,-5.358704516563132
1957.0,51.0,0.0,-5.087246396468096
1957.0,55.0,0.0,-4.75727296419805
1957.0,69.0,0.0,-3.557675768498592
1957.0,70.0,0.0,-3.453238323889765
1957.0,71.0,0.0,-3.358712770056
1957.0,73.0,0.0,-3.187159158316632
1957.0,87.0,0.0,-1.7801313387473912
1957.0,88.0,0.0,-1.7371860603028957
1957.0,89.0,0.0,-1.6375287926006261
1957.0,92.0,0.0,-1.4020864015818222
1957.0,95.0,0.0,-1.1450971620633554
1957.0,96.0,0.0,-1.1081627494799602
1957.0,98.0,0.0,-1.0297646277236987
1958.0,2.0,0.0,-6.905757276319464
1958.0,5.0,0.0,-7.550209345226564
1958.0,12.0,0.0,-7.960438635761847
1958.0,13.0,0.0,-7.891254760549742
1958.0,21.0,0.0,-7.300797867091744
1958.0,22.0,0.0,-7.267291455201901
1958.0,25.0,0.0,-7.1147794484164635
1958.0,32.0,0.0,-6.673473983257471
1958.0,35.0,0.0,-6.469500348050982
1958.0,36.0,0.0,-6.4118402679519
1958.0,37.0,0.0,-6.346426673043039
1958.0,43.0,0.0,-5.802167376577602
1958.0,47.0,0.0,-5.446353445375441
1958.0,49.0,0.0,-5.290150803881644
1958.0,51.0,0.0,-5.104891030021976
1958.0,53.0,0.0,-4.941482435407939
1958.0,54.0,0.0,-4.861612022703816
1958.0,56.0,0.0,-4.713758126404991
1958.0,58.0,0.0,-4.588411402173136
1958.0,61.0,0.0,-4.30004119993259
1958.0,65.0,0.0,-3.945890074939723
1958.0,72.0,0.0,-3.282508090113056
1958.0,73.0,0.0,-3.202707243706617
1958.0,76.0,0.0,-2.875108831230252
1958.0,77.0,0.0,-2.7747350238982067
1958.0,79.0,0.0,-2.554295313876225
1958.0,80.0,0.0,-2.463857740600293
1958.0,81.0,0.0,-2.3787860230877813
1958.0,84.0,0.0,-2.0768768333576877
1958.0,88.0,0.0,-1.7064390210530986
1958.0,94.0,0.0,-1.243070591701567
1958.0,95.0,0.0,-1.1688019474479372
1959.0,0.0,0.0,-3.7420270983248285
1959.0,7.0,0.0,-7.831574277277084
1959.0,14.0,0.0,-7.875339305243843
1959.0,20.0,0.0,-7.261577153938463
1959.0,24.0,0.0,-7.153655817418963
1959.0,25.0,0.0,-7.067924031134958
1959.0,26.0,0.0,-7.07380986331222
1959.0,29.0,0.0,-6.925919249609808
1959.0,33.0,0.0,-6.604692104492054
1959.0,42.0,0.0,-5.896154367303657
1959.0,43.0,0.0,-5.829005619410279
1959.0,45.0,0.0,-5.657567050859238
1959.0,46.0,0.0,-5.578295854614785
1959.0,47.0,0.0,-5.495793171113669
1959.0,50.0,0.0,-5.207380371555935
1959.0,51.0,0.0,-5.175392019710738
1959.0,57.0,0.0,-4.747771154587114
1959.0,59.0,0.0,-4.437962267004185
1959.0,60.0,0.0,-4.423432132732553
1959.0,63.0,0.0,-4.104091913676981
1959.0,64.0,0.0,-4.060291022097249
1959.0,70.0,0.0,-3.4673371841667002
1959.0,71.0,0.0,-3.466216018036604
1959.0,73.0,0.0,-3.223988874255024
1959.0,91.0,0.0,-1.537763971561143
1959.0,92.0,0.0,-1.4007544054620922
1959.0,93.0,0.0,-1.3216608444945337
1959.0,97.0,0.0,-1.1016539097110531
1960.0,5.0,0.0,-7.55211229537265
1960.0,11.0,0.0,-8.069307367424122
1960.0,12.0,0.0,-8.059768344377362
1960.0,14.0,0.0,-7.891254760549742
1960.0,19.0,0.0,-7.335465996037621
1960.0,21.0,0.0,-7.2210970982144955
1960.0,24.0,0.0,-7.184827172321903
1960.0,32.0,0.0,-6.734642661273492
1960.0,33.0,0.0,-6.657775073714368
1960.0,34.0,0.0,-6.537571985018612
1960.0,44.0,0.0,-5.719302286314238
1960.0,45.0,0.0,-5.614398913521516
1960.0,46.0,0.0,-5.5659354079640755
1960.0,53.0,0.0,-5.018717870289612
1960.0,56.0,0.0,-4.800212307191426
1960.0,59.0,0.0,-4.405499990859524
1960.0,68.0,0.0,-3.717237777218991
1960.0,73.0,0.0,-3.241607236870293
1960.0,85.0,0.0,-1.997861554687413
1960.0,100.0,0.0,-0.9146520752056465
1961.0,8.0,0.0,-8.031685375634536
1961.0,9.0,0.0,-8.082169281066529
1961.0,13.0,0.0,-8.06293791913864
1961.0,21.0,0.0,-7.31572351730842
1961.0,22.0,0.0,-7.320245002027266
1961.0,26.0,0.0,-7.098915784443296
1961.0,29.0,0.0,-6.937184089672949
1961.0,30.0,0.0,-6.830794237846009
1961.0,38.0,0.0,-6.265375215475845
1961.0,39.0,0.0,-6.175868270106261
1961.0,47.0,0.0,-5.474100346502409
1961.0,49.0,0.0,-5.325894134318271
1961.0,51.0,0.0,-5.14645501723879
1961.0,57.0,0.0,-4.7505428390038436
1961.0,58.0,0.0,-4.643183628186308
1961.0,60.0,0.0,-4.331865981482266
1961.0,63.0,0.0,-4.173063146933506
1961.0,64.0,0.0,-4.1090115992655045
1961.0,67.0,0.0,-3.8313651024106914
1961.0,75.0,0.0,-3.008797249883428
1961.0,76.0,0.0,-2.934279759241025
1961.0,83.0,0.0,-2.213146663680147
1961.0,85.0,0.0,-2.0241355091058706
1961.0,90.0,0.0,-1.5323148473875177
1961.0,98.0,0.0,-1.0391054678290625
1962.0,0.0,0.0,-3.8105952127980327
1962.0,6.0,0.0,-7.761071211694904
1962.0,14.0,0.0,-7.989510450583824
1962.0,16.0,0.0,-7.619066430169753
1962.0,17.0,0.0,-7.542633551418106
1962.0,22.0,0.0,-7.248838128161033
1962.0,30.0,0.0,-6.8889335247415495
1962.0,31.0,0.0,-6.7890837492646385
1962.0,39.0,0.0,-6.141357636682599
1962.0,42.0,0.0,-5.863951226809022
1962.0,43.0,0.0,-5.792285873247605
1962.0,45.0,0.0,-5.692842534617867
1962.0,53.0,0.0,-5.022353687050455
1962.0,57.0,0.0,-4.7483479556644195
1962.0,58.0,0.0,-4.617040358558579
1962.0,59.0,0.0,-4.534991351366845
1962.0,68.0,0.0,-3.7365162836295447
1962.0,77.0,0.0,-2.8394467313108778
1962.0,78.0,0.0,-2.695538796165147
1962.0,82.0,0.0,-2.280667057693115
1962.0,83.0,0.0,-2.206974958180723
1962.0,85.0,0.0,-1.9872854216056337
1962.0,92.0,0.0,-1.3805906582032126
1962.0,93.0,0.0,-1.348208907514558
1962.0,98.0,0.0,-1.0276329914318048
1963.0,2.0,0.0,-7.005368107849137
1963.0,10.0,0.0,-8.142187290792782
1963.0,14.0,0.0,-7.883265370516264
1963.0,15.0,0.0,-7.74016452687559
1963.0,18.0,0.0,-7.406981766904776
1963.0,21.0,0.0,-7.226584080430754
1963.0,28.0,0.0,-6.904759770002339
1963.0,29.0,0.0,-6.9228689167921855
1963.0,32.0,0.0,-6.6554413503681475
1963.0,33.0,0.0,-6.646930660700239
1963.0,36.0,0.0,-6.372432183615759
1963.0,37.0,0.0,-6.3227502570418945
1963.0,42.0,0.0,-5.855186928815434
1963.0,51.0,0.0,-5.148691192592224
1963.0,53.0,0.0,-4.977393960316454
1963.0,55.0,0.0,-4.870047605786609
1963.0,57.0,0.0,-4.703003546336855
1963.0,62.0,0.0,-4.101973589386592
1963.0,63.0,0.0,-4.0551430800229635
1963.0,73.0,0.0,-3.2269584010615566
1963.0,81.0,0.0,-2.4526408352010893
1963.0,82.0,0.0,-2.3061213381453
1963.0,85.0,0.0,-1.982968402011919
1963.0,86.0,0.0,-1.9086259250720834
1963.0,90.0,0.0,-1.5247199967507503
1963.0,91.0,0.0,-1.4984288797278515
1963.0,92.0,0.0,-1.3735479429647213
1963.0,93.0,0.0,-1.2828356527516607
1963.0,94.0,0.0,-1.242904225994701
1963.0,98.0,0.0,-0.9930340967034899
1964.0,3.0,0.0,-7.31722840848784
1964.0,8.0,0.0,-7.977780110798334
1964.0,9.0,0.0,-8.142187290792782
1964.0,17.0,0.0,-7.50377574881136
1964.0,18.0,0.0,-7.389022100506583
1964.0,21.0,0.0,-7.280269286950616
1964.0,23.0,0.0,-7.251655031432146
1964.0,30.0,0.0,-6.866613335650962
1964.0,31.0,0.0,-6.7610608998313335
1964.0,33.0,0.0,-6.569855490369739
1964.0,35.0,0.0,-6.45986945499002
1964.0,40.0,0.0,-6.08401852871859
1964.0,41.0,0.0,-6.012075501012107
1964.0,48.0,0.0,-5.397695810528315
1964.0,52.0,0.0,-5.048337161280267
1964.0,61.0,0.0,-4.3771585032770215
1964.0,81.0,0.0,-2.503013595565041
1964.0,94.0,0.0,-1.2453609312911487
1964.0,100.0,0.0,-0.9145597309211305
1965.0,6.0,0.0,-7.821549130657705
1965.0,7.0,0.0,-7.904713913923747
1965.0,14.0,0.0,-8.004369564987574
1965.0,15.0,0.0,-7.7705052439282625
1965.0,16.0,0.0,-7.619066430169753
1965.0,17.0,0.0,-7.518401238030338
1965.0,18.0,0.0,-7.433694540558176
1965.0,23.0,0.0,-7.218364856077622
1965.0,26.0,0.0,-7.1308988302963465
1965.0,36.0,0.0,-6.42903970913438
1965.0,39.0,0.0,-6.129807496729726
1965.0,40.0,0.0,-6.039395080865532
1965.0,41.0,0.0,-6.014937903293624
1965.0,42.0,0.0,-5.875995297301868
1965.0,43.0,0.0,-5.78510099583379
1965.0,45.0,0.0,-5.588669667555696
1965.0,48.0,0.0,-5.390432655455842
1965.0,51.0,0.0,-5.170276016667152
1965.0,54.0,0.0,-4.906140152766808
1965.0,58.0,0.0,-4.653835357969372
1965.0,63.0,0.0,-4.229820701784551
1965.0,64.0,0.0,-4.033682294055475
1965.0,67.0,0.0,-3.864042692909579
1965.0,74.0,0.0,-3.215830466682241
1965.0,82.0,0.0,-2.3589015084729494
1965.0,87.0,0.0,-1.8422657050064548
1965.0,92.0,0.0,-1.4299495319632696
1965.0,96.0,0.0,-1.1590089989583496
1966.0,3.0,0.0,-7.309726497836046
1966.0,5.0,0.0,-7.652195753929633
1966.0,10.0,0.0,-8.209708491668277
1966.0,13.0,0.0,-8.095198781356862
1966.0,16.0,0.0,-7.600902459542082
1966.0,20.0,0.0,-7.320245002027266
1966.0,22.0,0.0,-7.2587322018062315
1966.0,23.0,0.0,-7.223836825955616
1966.0,29.0,0.0,-6.960101759354346
1966.0,35.0,0.0,-6.484450252745642
1966.0,37.0,0.0,-6.360790608600273
1966.0,38.0,0.0,-6.21410822338054
1966.0,40.0,0.0,-6.0529145094242045
1966.0,51.0,0.0,-5.139264436693437
1966.0,52.0,0.0,-5.047558648200853
1966.0,54.0,0.0,-4.944847553558253
1966.0,61.0,0.0,-4.39970192635389
1966.0,65.0,0.0,-3.9200047751698035
1966.0,69.0,0.0,-3.717073188484718
1966.0,75.0,0.0,-3.0798967975867497
1966.0,83.0,0.0,-2.2422899372102902
1966.0,84.0,0.0,-2.1511266052946505
1966.0,87.0,0.0,-1.8476824112835504
1966.0,89.0,0.0,-1.6886597071489007
1966.0,91.0,0.0,-1.5190169380668739
1966.0,92.0,0.0,-1.4355686424551297
1966.0,93.0,0.0,-1.3436142539606366
1966.0,94.0,0.0,-1.2429007603367717
1966.0,95.0,0.0,-1.194342656739161
1967.0,1.0,0.0,-6.658554193348637
1967.0,4.0,0.0,-7.5850291103857925
1967.0,15.0,0.0,-7.814095680003124
1967.0,21.0,0.0,-7.250245587928913
1967.0,26.0,0.0,-7.163938684374547
1967.0,28.0,0.0,-7.043575002124672
1967.0,32.0,0.0,-6.720446180677143
1967.0,40.0,0.0,-6.061457918928517
1967.0,45.0,0.0,-5.641653103190652
1967.0,49.0,0.0,-5.308165702602851
1967.0,51.0,0.0,-5.189283605523914
1967.0,52.0,0.0,-5.0911406087559055
1967.0,59.0,0.0,-4.571638702779299
1967.0,60.0,0.0,-4.501801653011058
1967.0,62.0,0.0,-4.267484400301217
1967.0,63.0,0.0,-4.222291576552723
1967.0,64.0,0.0,-4.1529487265381535
1967.0,65.0,0.0,-4.0527804431444086
1967.0,70.0,0.0,-3.6112519684346474
1967.0,77.0,0.0,-2.9072636255663826
1967.0,79.0,0.0,-2.672779587020291
1967.0,84.0,0.0,-2.178873002307354
1967.0,86.0,0.0,-1.9705010418193216
1967.0,96.0,0.0,-1.1941809018634668
1967.0,97.0,0.0,-1.0666108410473265
1967.0,98.0,0.0,-1.1017803015258467
1968.0,11.0,0.0,-8.131930790625592
1968.0,18.0,0.0,-7.261577153938463
1968.0,21.0,0.0,-7.2376492002432276
1968.0,30.0,0.0,-6.89978710933296
1968.0,45.0,0.0,-5.637713874686496
1968.0,47.0,0.0,-5.420259037353279
1968.0,48.0,0.0,-5.354464527171038
1968.0,51.0,0.0,-5.163961314048958
1968.0,54.0,0.0,-4.904115450718583
1968.0,57.0,0.0,-4.675914590513849
1968.0,59.0,0.0,-4.571832126377581
1968.0,65.0,0.0,-3.9962201642289017
1968.0,72.0,0.0,-3.361476793467223
1968.0,73.0,0.0,-3.3072972864691037
1968.0,74.0,0.0,-3.2020678732188332
1968.0,76.0,0.0,-3.0040064100062365
1968.0,79.0,0.0,-2.6221982459824313
1968.0,92.0,0.0,-1.4180533820683943
1968.0,93.0,0.0,-1.3357875759496418
1969.0,1.0,0.0,-6.682214603068206
1969.0,9.0,0.0,-8.088662810377077
1969.0,10.0,0.0,-8.262550973042657
1969.0,12.0,0.0,-8.11841707145887
1969.0,14.0,0.0,-7.875339305243843
1969.0,17.0,0.0,-7.333933428687843
1969.0,18.0,0.0,-7.1927742340144345
1969.0,23.0,0.0,-7.116010217802597
1969.0,24.0,0.0,-7.156216638280637
1969.0,34.0,0.0,-6.543112165394228
1969.0,42.0,0.0,-5.857633199474462
1969.0,45.0,0.0,-5.620728919520915
1969.0,52.0,0.0,-5.102257283643569
1969.0,53.0,0.0,-5.023568569508155
1969.0,65.0,0.0,-4.049332956392752
1969.0,80.0,0.0,-2.5913744449202065
1969.0,82.0,0.0,-2.4099810120139424
1969.0,84.0,0.0,-2.178184005036087
1969.0,87.0,0.0,-1.8877903086451506
1969.0,88.0,0.0,-1.8086452347048396
1969.0,89.0,0.0,-1.6992203981286083
1969.0,92.0,0.0,-1.463620428870128
1969.0,96.0,0.0,-1.1516745151149022
1969.0,97.0,0.0,-1.0875210247682356
1970.0,0.0,0.0,-3.987932599528496
1970.0,3.0,0.0,-7.433694540558176
1970.0,4.0,0.0,-7.633425651247642
1970.0,8.0,0.0,-8.108400293215398
1970.0,11.0,0.0,-8.270333113484712
1970.0,14.0,0.0,-7.934977571563574
1970.0,19.0,0.0,-7.173023756597018
1970.0,29.0,0.0,-6.960101759354346
1970.0,30.0,0.0,-6.938214486466846
1970.0,38.0,0.0,-6.224153511265723
1970.0,43.0,0.0,-5.833435682883072
1970.0,44.0,0.0,-5.735892528574435
1970.0,49.0,0.0,-5.298517386550704
1970.0,54.0,0.0,-4.924686981959891
1970.0,55.0,0.0,-4.854272776472397
1970.0,67.0,0.0,-3.9132237260046647
1970.0,69.0,0.0,-3.6740696624604565
1970.0,79.0,0.0,-2.737237022537194
1970.0,81.0,0.0,-2.568466535486974
1970.0,82.0,0.0,-2.4410199163813013
1970.0,83.0,0.0,-2.3324877543483593
1970.0,86.0,0.0,-2.0381537356666017
1970.0,87.0,0.0,-1.9432756224700756
1970.0,93.0,0.0,-1.4253595663651535
1970.0,99.0,0.0,-1.120453071593082
1971.0,2.0,0.0,-7.18879280871525
1971.0,9.0,0.0,-8.206038762779315
1971.0,11.0,0.0,-8.213391737084573
1971.0,13.0,0.0,-8.028613176597567
1971.0,16.0,0.0,-7.487573774235079
1971.0,20.0,0.0,-7.286091719702049
1971.0,25.0,0.0,-7.083299851497068
1971.0,28.0,0.0,-7.07380986331222
1971.0,35.0,0.0,-6.519775485214992
1971.0,38.0,0.0,-6.261699705956042
1971.0,42.0,0.0,-5.89542735891104
1971.0,50.0,0.0,-5.255832754941881
1971.0,51.0,0.0,-5.229537851153211
1971.0,54.0,0.0,-4.947238048966464
1971.0,55.0,0.0,-4.8851486740548395
1971.0,56.0,0.0,-4.800576982330702
1971.0,57.0,0.0,-4.72643427348113
1971.0,62.0,0.0,-4.339197056698526
1971.0,67.0,0.0,-3.950244218248344
1971.0,72.0,0.0,-3.484274689079524
1971.0,76.0,0.0,-3.0521333272047606
1971.0,80.0,0.0,-2.6504277282876187
1971.0,93.0,0.0,-1.3812948793816289
1971.0,97.0,0.0,-1.1207750789590993
1971.0,99.0,0.0,-1.0908465204531022
1971.0,100.0,0.0,-1.0656205507474732
1972.0,0.0,0.0,-4.155177955829849
1972.0,4.0,0.0,-7.721940787919139
1972.0,7.0,0.0,-7.912877224562908
1972.0,12.0,0.0,-8.202382451576204
1972.0,17.0,0.0,-7.294889430405578
1972.0,19.0,0.0,-7.250245587928913
1972.0,20.0,0.0,-7.27303859745747
1972.0,22.0,0.0,-7.195437351433918
1972.0,24.0,0.0,-7.151101537613866
1972.0,34.0,0.0,-6.643085980839429
1972.0,43.0,0.0,-5.823241914693529
1972.0,50.0,0.0,-5.292136507472955
1972.0,57.0,0.0,-4.761590105259393
1972.0,58.0,0.0,-4.653205635026648
1972.0,63.0,0.0,-4.338737286575484
1972.0,75.0,0.0,-3.1185554896068153
1972.0,83.0,0.0,-2.3470491283674626
1972.0,88.0,0.0,-1.8623514757930748
1972.0,91.0,0.0,-1.5933923340156328
1972.0,99.0,0.0,-1.0898349226970805
1973.0,4.0,0.0,-7.695213139013323
1973.0,5.0,0.0,-7.814095680003124
1973.0,11.0,0.0,-8.228261899564025
1973.0,14.0,0.0,-7.923866346138503
1973.0,16.0,0.0,-7.496542444217839
1973.0,18.0,0.0,-7.241830391003629
1973.0,19.0,0.0,-7.254479892067701
1973.0,20.0,0.0,-7.236259345954173
1973.0,21.0,0.0,-7.223836825955616
1973.0,24.0,0.0,-7.23904098891605
1973.0,25.0,0.0,-7.248838128161033
1973.0,34.0,0.0,-6.678232120703888
1973.0,40.0,0.0,-6.128889223019654
1973.0,43.0,0.0,-5.840977713834046
1973.0,49.0,0.0,-5.3921885821581075
1973.0,50.0,0.0,-5.280673931375442
1973.0,61.0,0.0,-4.453136030132593
1973.0,69.0,0.0,-3.7843336442872566
1973.0,72.0,0.0,-3.3973448123466654
1973.0,73.0,0.0,-3.3541229742762266
1973.0,88.0,0.0,-1.8432506779361948
1973.0,90.0,0.0,-1.6471138194151016
1973.0,92.0,0.0,-1.490433400861036
1973.0,95.0,0.0,-1.2444476368916542
1974.0,3.0,0.0,-7.531376396893472
1974.0,13.0,0.0,-8.101777752454906
1974.0,18.0,0.0,-7.340077841260184
1974.0,20.0,0.0,-7.372970391496075
1974.0,22.0,0.0,-7.296363270023878
1974.0,35.0,0.0,-6.648472681052054
1974.0,40.0,0.0,-6.2046577675690235
1974.0,46.0,0.0,-5.633510421670869
1974.0,48.0,0.0,-5.478640920679318
1974.0,51.0,0.0,-5.273624753957665
1974.0,55.0,0.0,-4.976958767736872
1974.0,57.0,0.0,-4.800455409173905
1974.0,58.0,0.0,-4.710641818930325
1974.0,59.0,0.0,-4.631103568014596
1974.0,62.0,0.0,-4.3909462968485355
1974.0,68.0,0.0,-3.92086195409535
1974.0,70.0,0.0,-3.6728486370414086
1974.0,75.0,0.0,-3.2280931744178103
1974.0,83.0,0.0,-2.399393394422391
1974.0,91.0,0.0,-1.6426793372139064
1974.0,96.0,0.0,-1.229834349852284
1975.0,0.0,0.0,-4.257263571741215
1975.0,2.0,0.0,-7.329349769020185
1975.0,5.0,0.0,-7.971966140932914
1975.0,6.0,0.0,-8.06293791913864
1975.0,11.0,0.0,-8.351678752938664
1975.0,12.0,0.0,-8.37309284744248
1975.0,16.0,0.0,-7.654303236269198
1975.0,18.0,0.0,-7.405335675998107
1975.0,22.0,0.0,-7.283176265741925
1975.0,23.0,0.0,-7.296363270023878
1975.0,24.0,0.0,-7.309726497836046
1975.0,31.0,0.0,-6.95170716651132
1975.0,39.0,0.0,-6.351000723327746
1975.0,44.0,0.0,-5.892524599253078
1975.0,45.0,0.0,-5.797873398055796
1975.0,48.0,0.0,-5.504603800795824
1975.0,49.0,0.0,-5.469580295985257
1975.0,50.0,0.0,-5.3312538667943015
1975.0,51.0,0.0,-5.32754022522494
1975.0,53.0,0.0,-5.1526597941256735
1975.0,54.0,0.0,-5.051457288616511
1975.0,63.0,0.0,-4.3738203981267825
1975.0,67.0,0.0,-4.044012729891098
1975.0,74.0,0.0,-3.2988664505646934
1975.0,77.0,0.0,-3.0755983301645786
1975.0,80.0,0.0,-2.7540889040152283
1975.0,87.0,0.0,-2.066185788669427
1975.0,93.0,0.0,-1.5056997120183044
1975.0,94.0,0.0,-1.4395854392227698
1975.0,95.0,0.0,-1.370298972166665
1975.0,96.0,0.0,-1.3285085885550303
1975.0,100.0,0.0,-1.062965261221967
1976.0,4.0,0.0,-7.872711182837573
1976.0,9.0,0.0,-8.421883011611913
1976.0,15.0,0.0,-7.904713913923747
1976.0,31.0,0.0,-7.034452932028095
1976.0,37.0,0.0,-6.565585021246286
1976.0,40.0,0.0,-6.28771657024283
1976.0,42.0,0.0,-6.109347587764699
1976.0,43.0,0.0,-6.0157572396770265
1976.0,44.0,0.0,-5.9085950692856875
1976.0,45.0,0.0,-5.835829255576533
1976.0,46.0,0.0,-5.732181949177899
1976.0,48.0,0.0,-5.545497495690488
1976.0,49.0,0.0,-5.482721089546316
1976.0,50.0,0.0,-5.343942544574312
1976.0,63.0,0.0,-4.354100232033042
1976.0,77.0,0.0,-3.137295837875778
1976.0,78.0,0.0,-3.0152005567493894
1976.0,82.0,0.0,-2.57238795535859
1976.0,84.0,0.0,-2.359314187240135
1976.0,99.0,0.0,-1.0577765342425225
1977.0,9.0,0.0,-8.37309284744248
1977.0,14.0,0.0,-8.115066984573588
1977.0,21.0,0.0,-7.338538195074591
1977.0,24.0,0.0,-7.333933428687843
1977.0,28.0,0.0,-7.207509932668187
1977.0,29.0,0.0,-7.200784957760513
1977.0,34.0,0.0,-6.89483905371559
1977.0,39.0,0.0,-6.495645628155304
1977.0,46.0,0.0,-5.788686981746645
1977.0,54.0,0.0,-5.133990073126361
1977.0,60.0,0.0,-4.553431990583677
1977.0,61.0,0.0,-4.543134795068639
1977.0,62.0,0.0,-4.440758049737704
1977.0,64.0,0.0,-4.307438777683309
1977.0,65.0,0.0,-4.224954512133378
1977.0,73.0,0.0,-3.498556659434496
1977.0,74.0,0.0,-3.3977333882209932
1977.0,82.0,0.0,-2.626336582485895
1977.0,83.0,0.0,-2.504591124064523
1977.0,90.0,0.0,-1.8040972678155722
1977.0,93.0,0.0,-1.549674838113738
1977.0,94.0,0.0,-1.4593597999772725
1977.0,96.0,0.0,-1.310571122782697
1977.0,99.0,0.0,-1.158668072303664
1978.0,5.0,0.0,-8.01339218258721
1978.0,14.0,0.0,-8.138756755695992
1978.0,15.0,0.0,-7.799353398265921
1978.0,16.0,0.0,-7.604910480939621
1978.0,23.0,0.0,-7.302280447051967
1978.0,26.0,0.0,-7.327826539479664
1978.0,29.0,0.0,-7.214280439235398
1978.0,38.0,0.0,-6.54172424011938
1978.0,39.0,0.0,-6.489044944123952
1978.0,45.0,0.0,-5.839258614218651
1978.0,46.0,0.0,-5.764807176493975
1978.0,48.0,0.0,-5.591615177785453
1978.0,49.0,0.0,-5.573017404776649
1978.0,50.0,0.0,-5.397033339487194
1978.0,60.0,0.0,-4.572799805957641
1978.0,62.0,0.0,-4.450733832683673
1978.0,73.0,0.0,-3.5273049704647708
1978.0,75.0,0.0,-3.281629273529419
1978.0,78.0,0.0,-3.094359950170633
1978.0,89.0,0.0,-1.912971627611091
1978.0,90.0,0.0,-1.790618120814028
1978.0,98.0,0.0,-1.1741842550154875
1979.0,8.0,0.0,-8.318342332671072
1979.0,10.0,0.0,-8.547652398900945
1979.0,17.0,0.0,-7.52951246345541
1979.0,22.0,0.0,-7.379360189594847
1979.0,23.0,0.0,-7.3493658337266545
1979.0,28.0,0.0,-7.230719165578558
1979.0,31.0,0.0,-7.151101537613866
1979.0,36.0,0.0,-6.734642661273492
1979.0,39.0,0.0,-6.502290170873972
1979.0,45.0,0.0,-5.96151747074003
1979.0,46.0,0.0,-5.814155532137572
1979.0,51.0,0.0,-5.397474938081255
1979.0,53.0,0.0,-5.218951811167297
1979.0,55.0,0.0,-5.061349808640757
1979.0,60.0,0.0,-4.6314114971933185
1979.0,62.0,0.0,-4.47994822123471
1979.0,64.0,0.0,-4.3317898982471705
1979.0,71.0,0.0,-3.750669755070388
1979.0,72.0,0.0,-3.627032050787856
1979.0,74.0,0.0,-3.4676577483624254
1979.0,88.0,0.0,-2.065010176564879
1979.0,92.0,0.0,-1.6872102826086408
1979.0,94.0,0.0,-1.4806841646004747
1979.0,96.0,0.0,-1.3253610810609595
1979.0,97.0,0.0,-1.2574368741952604
1979.0,98.0,0.0,-1.2282142686989703
1980.0,4.0,0.0,-8.088662810377077
1980.0,13.0,0.0,-8.381788554410035
1980.0,14.0,0.0,-8.17360348702616
1980.0,30.0,0.0,-7.176942768797754
1980.0,31.0,0.0,-7.148553765535068
1980.0,32.0,0.0,-7.107426474111205
1980.0,37.0,0.0,-6.747338557576232
1980.0,39.0,0.0,-6.510994611504119
1980.0,40.0,0.0,-6.40033544835098
1980.0,57.0,0.0,-4.914280205853493
1980.0,58.0,0.0,-4.8065522455207885
1980.0,59.0,0.0,-4.745927623704354
1980.0,60.0,0.0,-4.618356747792267
1980.0,61.0,0.0,-4.58311519520726
1980.0,68.0,0.0,-4.00485126773934
1980.0,73.0,0.0,-3.5275432237291167
1980.0,74.0,0.0,-3.4556430078518763
1980.0,83.0,0.0,-2.516744126236791
1980.0,86.0,0.0,-2.196281022624007
1980.0,88.0,0.0,-2.0285963476742674
1980.0,99.0,0.0,-1.1175015731888156
1980.0,100.0,0.0,-0.9653050461633482
1981.0,4.0,0.0,-8.098482856558052
1981.0,7.0,0.0,-8.394975558691987
1981.0,8.0,0.0,-8.394975558691987
1981.0,14.0,0.0,-8.177155888630528
1981.0,17.0,0.0,-7.53886706862263
1981.0,24.0,0.0,-7.389022100506583
1981.0,26.0,0.0,-7.3232707229438025
1981.0,29.0,0.0,-7.255895320471032
1981.0,32.0,0.0,-7.083299851497068
1981.0,34.0,0.0,-7.027665575654694
1981.0,36.0,0.0,-6.802494768324644
1981.0,39.0,0.0,-6.558507850872202
1981.0,47.0,0.0,-5.813485739748164
1981.0,49.0,0.0,-5.604299196171251
1981.0,51.0,0.0,-5.3751984108839945
1981.0,55.0,0.0,-5.050988648445472
1981.0,56.0,0.0,-4.950057732210651
1981.0,57.0,0.0,-4.923036589617188
1981.0,58.0,0.0,-4.827064517901869
1981.0,70.0,0.0,-3.8269009120113235
1981.0,73.0,0.0,-3.5379109749780038
1981.0,84.0,0.0,-2.447090769103775
1981.0,91.0,0.0,-1.7429807336953582
1981.0,92.0,0.0,-1.650780875968483
1981.0,94.0,0.0,-1.4916904329653862
1981.0,97.0,0.0,-1.2255097346565922
1982.0,0.0,0.0,-4.575611383746547
1982.0,1.0,0.0,-7.116010217802597
1982.0,2.0,0.0,-7.507412116454743
1982.0,11.0,0.0,-8.589763884251074
1982.0,18.0,0.0,-7.533243811068267
1982.0,19.0,0.0,-7.512891582219369
1982.0,26.0,0.0,-7.380964039176821
1982.0,27.0,0.0,-7.338538195074591
1982.0,28.0,0.0,-7.360311994624152
1982.0,33.0,0.0,-7.084492457482191
1982.0,42.0,0.0,-6.3039859095734085
1982.0,44.0,0.0,-6.120662485579664
1982.0,46.0,0.0,-5.914503505971854
1982.0,49.0,0.0,-5.597532354813542
1982.0,55.0,0.0,-5.115995809754082
1982.0,59.0,0.0,-4.7658085319509045
1982.0,60.0,0.0,-4.691054925145261
1982.0,64.0,0.0,-4.343575448299629
1982.0,70.0,0.0,-3.84675037881195
1982.0,74.0,0.0,-3.49403661676631
1982.0,76.0,0.0,-3.2903181223225664
1982.0,79.0,0.0,-3.001931448796812
1982.0,82.0,0.0,-2.6485462069544785
1982.0,83.0,0.0,-2.5667720174976267
1982.0,86.0,0.0,-2.249736508697112
1982.0,89.0,0.0,-1.9693681490935053
1982.0,94.0,0.0,-1.5125063205563347
1982.0,95.0,0.0,-1.433570472046611
1983.0,13.0,0.0,-8.468403027246806
1983.0,15.0,0.0,-8.07571764578504
1983.0,17.0,0.0,-7.654303236269198
1983.0,18.0,0.0,-7.523941418405954
1983.0,24.0,0.0,-7.512891582219369
1983.0,26.0,0.0,-7.402051600796917
1983.0,31.0,0.0,-7.223836825955616
1983.0,32.0,0.0,-7.227960543139478
1983.0,35.0,0.0,-6.993313167343784
1983.0,41.0,0.0,-6.4118402679519
1983.0,46.0,0.0,-5.953783480140293
1983.0,51.0,0.0,-5.436660316169782
1983.0,54.0,0.0,-5.203916691126552
1983.0,58.0,0.0,-4.8026459905537235
1983.0,60.0,0.0,-4.685296230467376
1983.0,63.0,0.0,-4.365208849747722
1983.0,65.0,0.0,-4.250507264810313
1983.0,67.0,0.0,-4.106457630105902
1983.0,72.0,0.0,-3.6367804843699556
1983.0,82.0,0.0,-2.6355016585126894
1983.0,83.0,0.0,-2.5323127721852705
1983.0,86.0,0.0,-2.2400235247406957
1983.0,87.0,0.0,-2.144863653068324
1983.0,89.0,0.0,-1.9511749840086254
1983.0,90.0,0.0,-1.8510446135451581
1983.0,99.0,0.0,-1.1267031688346354
1983.0,100.0,0.0,-1.0755385467176013
1984.0,0.0,0.0,-4.625781139892216
1984.0,1.0,0.0,-7.179564002277628
1984.0,3.0,0.0,-7.940579827112244
1984.0,4.0,0.0,-8.184298776142908
1984.0,7.0,0.0,-8.468403027246806
1984.0,16.0,0.0,-7.7264656825174285
1984.0,22.0,0.0,-7.536989133798429
1984.0,23.0,0.0,-7.487573774235079
1984.0,30.0,0.0,-7.280269286950616
1984.0,34.0,0.0,-7.022044425384265
1984.0,36.0,0.0,-6.880140111949164
1984.0,38.0,0.0,-6.66795128677482
1984.0,43.0,0.0,-6.232263033660913
1984.0,46.0,0.0,-5.971269839822463
1984.0,51.0,0.0,-5.42865386827604
1984.0,54.0,0.0,-5.204280724621654
1984.0,55.0,0.0,-5.131786495660406
1984.0,56.0,0.0,-5.029206679681691
1984.0,79.0,0.0,-3.0080275516481425
1984.0,82.0,0.0,-2.7025553256202492
1984.0,86.0,0.0,-2.2485231348955153
1984.0,87.0,0.0,-2.155174217565563
1984.0,89.0,0.0,-1.9604361423033703
1984.0,96.0,0.0,-1.3233045385971751
1984.0,97.0,0.0,-1.260663092459705
1984.0,99.0,0.0,-1.106504349213658
1985.0,1.0,0.0,-7.218364856077622
1985.0,9.0,0.0,-8.633727007672189
1985.0,10.0,0.0,-8.79823072114935
1985.0,19.0,0.0,-7.563606674798385
1985.0,27.0,0.0,-7.406981766904776
1985.0,28.0,0.0,-7.321756718112588
1985.0,29.0,0.0,-7.385791079925137
1985.0,35.0,0.0,-6.942346723751756
1985.0,47.0,0.0,-5.874570795636482
1985.0,52.0,0.0,-5.344570751065499
1985.0,53.0,0.0,-5.28303474301688
1985.0,64.0,0.0,-4.344499662783161
1985.0,68.0,0.0,-4.011291007086815
1985.0,74.0,0.0,-3.481247589363817
1985.0,81.0,0.0,-2.7807983290325597
1985.0,84.0,0.0,-2.4274682751407357
1985.0,88.0,0.0,-2.0531735852295965
1985.0,90.0,0.0,-1.8414645518077222
1985.0,91.0,0.0,-1.7650863800523535
1985.0,93.0,0.0,-1.5480324191066086
1985.0,95.0,0.0,-1.373528196470217
1985.0,97.0,0.0,-1.2446698066580402
1985.0,98.0,0.0,-1.1522852543340076
1985.0,99.0,0.0,-1.0470573785049508
1986.0,0.0,0.0,-4.68659718468382
1986.0,5.0,0.0,-8.408338786504155
1986.0,6.0,0.0,-8.492500578825865
1986.0,8.0,0.0,-8.563237129917644
1986.0,10.0,0.0,-8.633727007672189
1986.0,11.0,0.0,-8.679712120914012
1986.0,17.0,0.0,-7.590952128688914
1986.0,19.0,0.0,-7.544522126105975
1986.0,20.0,0.0,-7.5351147190040795
1986.0,25.0,0.0,-7.433694540558176
1986.0,28.0,0.0,-7.3493658337266545
1986.0,34.0,0.0,-6.993313167343784
1986.0,37.0,0.0,-6.842904306662521
1986.0,44.0,0.0,-6.157283031802923
1986.0,47.0,0.0,-5.908963325596238
1986.0,48.0,0.0,-5.727255830841843
1986.0,49.0,0.0,-5.727255830841843
1986.0,51.0,0.0,-5.456375671206312
1986.0,57.0,0.0,-4.999102058282583
1986.0,60.0,0.0,-4.6659823253848485
1986.0,62.0,0.0,-4.462109343147439
1986.0,64.0,0.0,-4.35698286423445
1986.0,69.0,0.0,-3.9575435207299554
1986.0,83.0,0.0,-2.5784044729033146
1986.0,88.0,0.0,-2.0766215216765893
1986.0,92.0,0.0,-1.6623324881886248
1986.0,94.0,0.0,-1.4811502441326314
1987.0,0.0,0.0,-4.692690783517587
1987.0,2.0,0.0,-7.66277786326017
1987.0,5.0,0.0,-8.487634389174692
1987.0,7.0,0.0,-8.502304578922487
1987.0,13.0,0.0,-8.584401941109688
1987.0,14.0,0.0,-8.213391737084573
1987.0,15.0,0.0,-7.992464662481256
1987.0,24.0,0.0,-7.494742263713692
1987.0,38.0,0.0,-6.633158446079012
1987.0,39.0,0.0,-6.6750575148631155
1987.0,40.0,0.0,-6.566295500849885
1987.0,50.0,0.0,-5.621281253144457
1987.0,55.0,0.0,-5.137049218951915
1987.0,59.0,0.0,-4.80581865947493
1987.0,63.0,0.0,-4.418524657714082
1987.0,64.0,0.0,-4.370019015549604
1987.0,67.0,0.0,-4.0805008304014505
1987.0,73.0,0.0,-3.5526716462860053
1987.0,78.0,0.0,-3.141498203846856
1987.0,81.0,0.0,-2.803476887693187
1987.0,87.0,0.0,-2.1507055617018267
1987.0,91.0,0.0,-1.7521772829525168
1987.0,92.0,0.0,-1.6583393327922726
1987.0,97.0,0.0,-1.2120721825825858
1987.0,98.0,0.0,-1.1583527389793968
1987.0,99.0,0.0,-1.0944400047623954
1988.0,3.0,0.0,-7.957577403480815
1988.0,4.0,0.0,-8.187889444273637
1988.0,13.0,0.0,-8.440232150280108
1988.0,14.0,0.0,-8.152550077828328
1988.0,19.0,0.0,-7.5616817463888015
1988.0,24.0,0.0,-7.50015255644194
1988.0,25.0,0.0,-7.410282099933433
1988.0,27.0,0.0,-7.337000915755705
1988.0,32.0,0.0,-7.089277155605528
1988.0,33.0,0.0,-7.055095866880846
1988.0,40.0,0.0,-6.579891416897524
1988.0,41.0,0.0,-6.494322001224796
1988.0,42.0,0.0,-6.349283001748793
1988.0,43.0,0.0,-6.271178449910586
1988.0,44.0,0.0,-6.211114209167936
1988.0,46.0,0.0,-5.997080285893618
1988.0,49.0,0.0,-5.703582494653535
1988.0,55.0,0.0,-5.114996309420999
1988.0,61.0,0.0,-4.58890321352422
1988.0,62.0,0.0,-4.49085983981068
1988.0,67.0,0.0,-4.112854824981198
1988.0,74.0,0.0,-3.4868859975225175
1988.0,77.0,0.0,-3.216453760435824
1988.0,78.0,0.0,-3.1251350577661667
1988.0,82.0,0.0,-2.6841969650800506
1988.0,85.0,0.0,-2.3705748962935678
1988.0,97.0,0.0,-1.2049966616223147
1989.0,3.0,0.0,-7.983628080680758
1989.0,11.0,0.0,-8.617013526698448
1989.0,17.0,0.0,-7.596910438272545
1989.0,19.0,0.0,-7.602904462212756
1989.0,22.0,0.0,-7.567467683455845
1989.0,26.0,0.0,-7.393888290157756
1989.0,29.0,0.0,-7.283176265741925
1989.0,34.0,0.0,-6.9228689167921855
1989.0,35.0,0.0,-6.903763257712599
1989.0,38.0,0.0,-6.681416836771408
1989.0,39.0,0.0,-6.721275712039519
1989.0,41.0,0.0,-6.489044944123952
1989.0,43.0,0.0,-6.257515599433468
1989.0,44.0,0.0,-6.227693337970847
1989.0,49.0,0.0,-5.774097648571226
1989.0,52.0,0.0,-5.428426051895057
1989.0,53.0,0.0,-5.3322878861191905
1989.0,66.0,0.0,-4.221814363468028
1989.0,68.0,0.0,-4.015829174153735
1989.0,72.0,0.0,-3.6717470553736353
1989.0,73.0,0.0,-3.5808864066107433
1989.0,82.0,0.0,-2.713037617613257
1989.0,84.0,0.0,-2.5026959451976825
1989.0,85.0,0.0,-2.4022176006131093
1989.0,87.0,0.0,-2.196829655328182
1989.0,88.0,0.0,-2.0723944309959026
1989.0,89.0,0.0,-1.9687520502689624
1989.0,92.0,0.0,-1.6830898347482066
1989.0,94.0,0.0,-1.4935188350914017
1989.0,96.0,0.0,-1.2915516150028872
1989.0,97.0,0.0,-1.2172505649385104
1990.0,0.0,0.0,-4.7551794533148
1990.0,8.0,0.0,-8.752915524937308
1990.0,9.0,0.0,-8.697516745547519
1990.0,13.0,0.0,-8.403864506109235
1990.0,17.0,0.0,-7.588973888676809
1990.0,19.0,0.0,-7.645899825472818
1990.0,22.0,0.0,-7.602904462212756
1990.0,30.0,0.0,-7.1808772001025885
1990.0,33.0,0.0,-7.023166130493465
1990.0,35.0,0.0,-6.9137733513077
1990.0,39.0,0.0,-6.708904420236972
1990.0,45.0,0.0,-6.1390369115751175
1990.0,46.0,0.0,-6.007187507573218
1990.0,54.0,0.0,-5.282050394084164
1990.0,59.0,0.0,-4.854272776472397
1990.0,63.0,0.0,-4.45296425309876
1990.0,69.0,0.0,-3.9959482403659075
1990.0,71.0,0.0,-3.8134907493639
1990.0,79.0,0.0,-3.0788530469483733
1990.0,80.0,0.0,-2.933884870227911
1990.0,81.0,0.0,-2.8495734436562854
1990.0,82.0,0.0,-2.7372061345063035
1990.0,85.0,0.0,-2.423239747804889
1990.0,89.0,0.0,-1.991093724790638
1990.0,90.0,0.0,-1.8895156380259464
1990.0,91.0,0.0,-1.8126746752104341
1990.0,92.0,0.0,-1.7061140246995614
1990.0,93.0,0.0,-1.5911118649415938
1990.0,98.0,0.0,-1.215950923085353
1991.0,1.0,0.0,-7.261577153938463
1991.0,6.0,0.0,-8.50724286056307
1991.0,10.0,0.0,-8.752915524937308
1991.0,12.0,0.0,-8.617013526698448
1991.0,20.0,0.0,-7.600902459542082
1991.0,24.0,0.0,-7.501962511687179
1991.0,25.0,0.0,-7.480456306466215
1991.0,29.0,0.0,-7.338538195074591
1991.0,31.0,0.0,-7.084492457482191
1991.0,37.0,0.0,-6.784653081848154
1991.0,42.0,0.0,-6.414279293551259
1991.0,43.0,0.0,-6.3294579401011335
1991.0,50.0,0.0,-5.656135821188848
1991.0,52.0,0.0,-5.468394196925554
1991.0,57.0,0.0,-5.010135419054604
1991.0,58.0,0.0,-4.8648480620302745
1991.0,60.0,0.0,-4.746042744869507
1991.0,61.0,0.0,-4.612194800925056
1991.0,64.0,0.0,-4.39677485702279
1991.0,69.0,0.0,-3.987932599528496
1991.0,74.0,0.0,-3.540873327735102
1991.0,80.0,0.0,-2.9514666152560047
1991.0,81.0,0.0,-2.8449873868615656
1991.0,84.0,0.0,-2.548562360717199
1991.0,86.0,0.0,-2.33788071938877
1991.0,94.0,0.0,-1.5025810169112703
1992.0,2.0,0.0,-7.801795401921472
1992.0,10.0,0.0,-8.866750667586105
1992.0,13.0,0.0,-8.558015185936492
1992.0,15.0,0.0,-7.937774776184635
1992.0,30.0,0.0,-7.284632930238389
1992.0,31.0,0.0,-7.163938684374547
1992.0,33.0,0.0,-7.017570144989343
1992.0,46.0,0.0,-6.040654791298754
1992.0,60.0,0.0,-4.75750584729179
1992.0,61.0,0.0,-4.666194887825866
1992.0,68.0,0.0,-4.0511126738301
1992.0,70.0,0.0,-3.9035589270160167
1992.0,72.0,0.0,-3.698929789967438
1992.0,73.0,0.0,-3.6331798816435694
1992.0,86.0,0.0,-2.349236545837859
1992.0,89.0,0.0,-2.041044244363423
1992.0,90.0,0.0,-1.953104969815843
1993.0,5.0,0.0,-8.502304578922487
1993.0,13.0,0.0,-8.390560540482872
1993.0,23.0,0.0,-7.548310009422912
1993.0,29.0,0.0,-7.264430222920869
1993.0,43.0,0.0,-6.322193309102129
1993.0,49.0,0.0,-5.775385893515894
1993.0,60.0,0.0,-4.7348233942149625
1993.0,68.0,0.0,-4.0244640847738955
1993.0,73.0,0.0,-3.5948064028740467
1993.0,79.0,0.0,-3.0809851975287574
1993.0,81.0,0.0,-2.8449013838514072
1993.0,82.0,0.0,-2.7221846230691473
1993.0,88.0,0.0,-2.099938169738845
1993.0,89.0,0.0,-1.9788001435619864
1993.0,90.0,0.0,-1.8891452015019614
1993.0,93.0,0.0,-1.5636188242096225
1993.0,94.0,0.0,-1.4738891810065038
1993.0,95.0,0.0,-1.394157192317357
1993.0,96.0,0.0,-1.2905079311043395
1994.0,0.0,0.0,-4.9020948398068045
1994.0,1.0,0.0,-7.400413598792679
1994.0,14.0,0.0,-8.177155888630528
1994.0,17.0,0.0,-7.656415169472341
1994.0,23.0,0.0,-7.586999554373091
1994.0,25.0,0.0,-7.509235271016259
1994.0,27.0,0.0,-7.346260241168502
1994.0,28.0,0.0,-7.291948251814762
1994.0,33.0,0.0,-6.9361547535038355
1994.0,44.0,0.0,-6.225163612361708
1994.0,45.0,0.0,-6.124310460441412
1994.0,49.0,0.0,-5.777967372845578
1994.0,50.0,0.0,-5.7080917462443
1994.0,51.0,0.0,-5.568814614245717
1994.0,53.0,0.0,-5.391310233397201
1994.0,57.0,0.0,-5.045692685911658
1994.0,59.0,0.0,-4.850942855362662
1994.0,62.0,0.0,-4.573962258863898
1994.0,63.0,0.0,-4.500630006714167
1994.0,68.0,0.0,-4.052435159144891
1994.0,69.0,0.0,-3.963790096250029
1994.0,73.0,0.0,-3.6269944504419285
1994.0,77.0,0.0,-3.2681711165930785
1994.0,87.0,0.0,-2.2157837380575036
1994.0,98.0,0.0,-1.1467610585748258
1994.0,99.0,0.0,-1.0811476865415866
1995.0,5.0,0.0,-8.611503870887478
1995.0,12.0,0.0,-8.673847001461613
1995.0,13.0,0.0,-8.417347856446522
1995.0,15.0,0.0,-8.00736806798383
1995.0,17.0,0.0,-7.619066430169753
1995.0,19.0,0.0,-7.6375664439136735
1995.0,21.0,0.0,-7.658531572378719
1995.0,23.0,0.0,-7.57914096776057
1995.0,24.0,0.0,-7.594920387864535
1995.0,27.0,0.0,-7.376160186864175
1995.0,28.0,0.0,-7.27448055877437
1995.0,29.0,0.0,-7.283176265741925
1995.0,34.0,0.0,-6.905757276319464
1995.0,39.0,0.0,-6.571997583298793
1995.0,40.0,0.0,-6.5150377436964755
1995.0,50.0,0.0,-5.698496470226964
1995.0,55.0,0.0,-5.237410431644515
1995.0,58.0,0.0,-4.9262022381214265
1995.0,61.0,0.0,-4.6421454221129865
1995.0,62.0,0.0,-4.54793955253382
1995.0,66.0,0.0,-4.273638706258049
1995.0,68.0,0.0,-4.067099113331905
1995.0,78.0,0.0,-3.19150387807235
1995.0,80.0,0.0,-2.943215727643745
1995.0,82.0,0.0,-2.7326298200766006
1995.0,92.0,0.0,-1.6859302634226176
1995.0,99.0,0.0,-1.0551161129597872
1996.0,1.0,0.0,-7.507412116454743
1996.0,2.0,0.0,-8.01339218258721
1996.0,10.0,0.0,-8.89552963213615
1996.0,11.0,0.0,-8.772085441045027
1996.0,14.0,0.0,-8.298057661499566
1996.0,19.0,0.0,-7.671324923838628
1996.0,21.0,0.0,-7.654303236269198
1996.0,29.0,0.0,-7.300797867091744
1996.0,34.0,0.0,-6.960101759354346
1996.0,40.0,0.0,-6.513688215826342
1996.0,45.0,0.0,-6.139964555426426
1996.0,48.0,0.0,-5.862895446313274
1996.0,64.0,0.0,-4.431637135227216
1996.0,65.0,0.0,-4.348359777203397
1996.0,68.0,0.0,-4.07979098121459
1996.0,80.0,0.0,-2.943785192931244
1996.0,88.0,0.0,-2.092032475859265
1996.0,92.0,0.0,-1.662617194705582
1996.0,95.0,0.0,-1.3657234016155317
1996.0,99.0,0.0,-1.0596964296704425
1997.0,0.0,0.0,-5.007141404842
1997.0,4.0,0.0,-8.542510999400527
1997.0,5.0,0.0,-8.502304578922487
1997.0,7.0,0.0,-8.721760357157512
1997.0,8.0,0.0,-8.852665927704367
1997.0,13.0,0.0,-8.650724584040761
1997.0,19.0,0.0,-7.673473152376918
1997.0,20.0,0.0,-7.688641373850089
1997.0,23.0,0.0,-7.635493904311701
1997.0,24.0,0.0,-7.635493904311701
1997.0,28.0,0.0,-7.4421907683872615
1997.0,29.0,0.0,-7.415253112655453
1997.0,33.0,0.0,-7.074991198358051
1997.0,38.0,0.0,-6.700741109597811
1997.0,39.0,0.0,-6.633918613352409
1997.0,45.0,0.0,-6.206144020010062
1997.0,50.0,0.0,-5.773775846476736
1997.0,52.0,0.0,-5.526473459685791
1997.0,54.0,0.0,-5.378010135457285
1997.0,57.0,0.0,-5.06024579464959
1997.0,61.0,0.0,-4.684754665330933
1997.0,65.0,0.0,-4.352700869292055
1997.0,69.0,0.0,-4.015496413904422
1997.0,71.0,0.0,-3.8099177824909924
1997.0,72.0,0.0,-3.7175670359781905
1997.0,74.0,0.0,-3.5879487355354955
1997.0,79.0,0.0,-3.0942054503634506
1997.0,83.0,0.0,-2.6354877083009947
1997.0,89.0,0.0,-1.9855432672358588
1997.0,93.0,0.0,-1.5534073566091746
1997.0,97.0,0.0,-1.194880927647718
1998.0,8.0,0.0,-8.852665927704367
1998.0,11.0,0.0,-8.845697258388274
1998.0,15.0,0.0,-8.177155888630528
1998.0,19.0,0.0,-7.751725349276666
1998.0,20.0,0.0,-7.742466023863869
1998.0,21.0,0.0,-7.704043218461596
1998.0,35.0,0.0,-6.949619483080836
1998.0,40.0,0.0,-6.574860863708808
1998.0,43.0,0.0,-6.286641301322024
1998.0,55.0,0.0,-5.287773152672366
1998.0,56.0,0.0,-5.156644208231891
1998.0,60.0,0.0,-4.828438745115452
1998.0,64.0,0.0,-4.4384700100970935
1998.0,66.0,0.0,-4.253668600823357
1998.0,67.0,0.0,-4.224681063950104
1998.0,68.0,0.0,-4.113955607871216
1998.0,70.0,0.0,-3.934728842963784
1998.0,75.0,0.0,-3.5000458137047588
1998.0,79.0,0.0,-3.11029051445476
1998.0,86.0,0.0,-2.3056196927378783
1998.0,88.0,0.0,-2.087691479021801
1998.0,89.0,0.0,-1.9817850257671283
1998.0,90.0,0.0,-1.8609873683318332
1998.0,97.0,0.0,-1.176591127584719
1999.0,2.0,0.0,-8.07571764578504
1999.0,5.0,0.0,-8.721760357157512
1999.0,8.0,0.0,-8.811564252018815
1999.0,25.0,0.0,-7.619066430169753
1999.0,30.0,0.0,-7.3777589082278725
1999.0,32.0,0.0,-7.2170015293497585
1999.0,35.0,0.0,-6.985716820451849
1999.0,36.0,0.0,-6.869496566865046
1999.0,38.0,0.0,-6.663241701931735
1999.0,39.0,0.0,-6.6069102200040755
1999.0,40.0,0.0,-6.57917121520993
1999.0,42.0,0.0,-6.379482741612426
1999.0,57.0,0.0,-5.10209290458509
1999.0,58.0,0.0,-5.001031557953561
1999.0,59.0,0.0,-4.899407027410547
1999.0,62.0,0.0,-4.627620314825683
1999.0,64.0,0.0,-4.440079566122499
1999.0,66.0,0.0,-4.259101287836583
1999.0,67.0,0.0,-4.207804456136577
1999.0,72.0,0.0,-3.7299098036719283
1999.0,75.0,0.0,-3.475899376366189
1999.0,77.0,0.0,-3.279528572080151
1999.0,84.0,0.0,-2.5020853625607793
1999.0,95.0,0.0,-1.3124604265110271
1999.0,98.0,0.0,-1.0419928533843446
1999.0,100.0,0.0,-0.9129737391819648
2000.0,5.0,0.0,-8.721760357157512
2000.0,7.0,0.0,-8.825077971185538
2000.0,11.0,0.0,-8.818298284200159
2000.0,12.0,0.0,-8.87386813535497
2000.0,14.0,0.0,-8.417347856446522
2000.0,22.0,0.0,-7.667042262046627
2000.0,25.0,0.0,-7.623148068489402
2000.0,27.0,0.0,-7.533243811068267
2000.0,29.0,0.0,-7.454208080391279
2000.0,30.0,0.0,-7.418580902748128
2000.0,35.0,0.0,-6.987881323461422
2000.0,39.0,0.0,-6.603216089463933
2000.0,40.0,0.0,-6.530689645395671
2000.0,41.0,0.0,-6.4340086634575675
2000.0,43.0,0.0,-6.263273270403473
2000.0,44.0,0.0,-6.216610101092865
2000.0,46.0,0.0,-6.083579836015788
2000.0,48.0,0.0,-5.907491113331804
2000.0,50.0,0.0,-5.753392975209535
2000.0,55.0,0.0,-5.308367702401538
2000.0,59.0,0.0,-4.923448932417339
2000.0,63.0,0.0,-4.556856325709541
2000.0,64.0,0.0,-4.456836391482398
2000.0,68.0,0.0,-4.106275453090066
2000.0,74.0,0.0,-3.577087663510509
2000.0,75.0,0.0,-3.461106634416064
2000.0,79.0,0.0,-3.0840171884215626
2000.0,81.0,0.0,-2.843303074625073
2000.0,84.0,0.0,-2.5027325920139947
2000.0,86.0,0.0,-2.278507303515016
2000.0,90.0,0.0,-1.82969812456878
2000.0,91.0,0.0,-1.7234692445395579
2000.0,92.0,0.0,-1.6000719106837766
2000.0,95.0,0.0,-1.3133115931996566
1950.0,12.0,1.0,-7.332403206507076
1950.0,14.0,1.0,-7.033318501957483
1950.0,16.0,1.0,-6.666378959406868
1950.0,17.0,1.0,-6.562748139911086
1950.0,19.0,1.0,-6.359633870472449
1950.0,27.0,1.0,-6.247131290127752
1950.0,34.0,1.0,-5.936597645667142
1950.0,35.0,1.0,-5.860787223466366
1950.0,36.0,1.0,-5.792285873247605
1950.0,37.0,1.0,-5.711411501820692
1950.0,38.0,1.0,-5.624047506637347
1950.0,39.0,1.0,-5.5262222349639565
1950.0,40.0,1.0,-5.423880589523383
1950.0,48.0,1.0,-4.702452308794645
1950.0,52.0,1.0,-4.336135907908793
1950.0,53.0,1.0,-4.242334259935887
1950.0,54.0,1.0,-4.1590751017940315
1950.0,63.0,1.0,-3.470547459796949
1950.0,67.0,1.0,-3.199538992312059
1950.0,71.0,1.0,-2.8853006377883617
1950.0,72.0,1.0,-2.794114753744241
1950.0,79.0,1.0,-2.2407658908552373
1950.0,82.0,1.0,-1.982271274728915
1950.0,84.0,1.0,-1.819295119422576
1950.0,91.0,1.0,-1.3014165919869027
1950.0,92.0,1.0,-1.2019182497028076
1950.0,95.0,1.0,-1.0757701676694849
1950.0,96.0,1.0,-1.056651103272249
1950.0,97.0,1.0,-1.0815929428735729
1951.0,2.0,1.0,-6.495645628155304
1951.0,9.0,1.0,-7.52951246345541
1951.0,20.0,1.0,-6.271707690462764
1951.0,23.0,1.0,-6.182625052569141
1951.0,24.0,1.0,-6.189427799891893
1951.0,25.0,1.0,-6.192846606640679
1951.0,29.0,1.0,-6.181173322335955
1951.0,35.0,1.0,-5.8742149870577425
1951.0,38.0,1.0,-5.636871769373574
1951.0,41.0,1.0,-5.322405162077127
1951.0,56.0,1.0,-3.974749835336451
1951.0,61.0,1.0,-3.6242909342263236
1951.0,64.0,1.0,-3.3986007558148894
1951.0,66.0,1.0,-3.252587739353737
1951.0,70.0,1.0,-2.975713983240242
1951.0,76.0,1.0,-2.4849346501800076
1951.0,81.0,1.0,-2.1030295645541117
1951.0,84.0,1.0,-1.8168434583962487
1951.0,89.0,1.0,-1.4218054833215692
1951.0,95.0,1.0,-1.0535031769811634
1951.0,96.0,1.0,-0.9992295040972512
1952.0,2.0,1.0,-6.478573644256657
1952.0,14.0,1.0,-6.98679848632259
1952.0,15.0,1.0,-6.738856742520323
1952.0,17.0,1.0,-6.501623726330812
1952.0,19.0,1.0,-6.269592406754951
1952.0,20.0,1.0,-6.209620556911153
1952.0,24.0,1.0,-6.186506668311317
1952.0,25.0,1.0,-6.1972594600875786
1952.0,26.0,1.0,-6.228707022801694
1952.0,33.0,1.0,-6.014528486706534
1952.0,35.0,1.0,-5.901258279221833
1952.0,38.0,1.0,-5.66619771432893
1952.0,39.0,1.0,-5.567766670738758
1952.0,43.0,1.0,-5.1746848061027615
1952.0,49.0,1.0,-4.603172183325419
1952.0,55.0,1.0,-4.062264668758689
1952.0,60.0,1.0,-3.704968186463521
1952.0,64.0,1.0,-3.3987204517872627
1952.0,65.0,1.0,-3.318723784841362
1952.0,73.0,1.0,-2.7503733217487323
1952.0,75.0,1.0,-2.5875109672521095
1952.0,76.0,1.0,-2.509375587395486
1952.0,77.0,1.0,-2.4252726361088905
1952.0,81.0,1.0,-2.1027756774178643
1952.0,84.0,1.0,-1.8459200281874908
1952.0,86.0,1.0,-1.6823742635116128
1952.0,90.0,1.0,-1.394854898184006
1952.0,92.0,1.0,-1.253527260492101
1952.0,97.0,1.0,-0.9914561860418657
1952.0,98.0,1.0,-0.9956721998815007
1953.0,1.0,1.0,-6.058887223425416
1953.0,8.0,1.0,-7.361885559071583
1953.0,11.0,1.0,-7.473389139243123
1953.0,13.0,1.0,-7.178252526679817
1953.0,16.0,1.0,-6.645391014514646
1953.0,17.0,1.0,-6.543112165394228
1953.0,18.0,1.0,-6.41488998059314
1953.0,22.0,1.0,-6.1311864902831195
1953.0,25.0,1.0,-6.238388627087595
1953.0,28.0,1.0,-6.250235276065343
1953.0,34.0,1.0,-6.008000515748082
1953.0,37.0,1.0,-5.80316091863648
1953.0,46.0,1.0,-4.914961544027974
1953.0,52.0,1.0,-4.351613828265687
1953.0,58.0,1.0,-3.87516084069558
1953.0,60.0,1.0,-3.7157985434652
1953.0,61.0,1.0,-3.6256417787094133
1953.0,64.0,1.0,-3.3887156041600996
1953.0,91.0,1.0,-1.3506685634776918
1953.0,96.0,1.0,-1.095824179060475
1953.0,98.0,1.0,-0.9433074180325396
1954.0,5.0,1.0,-7.2875526403417235
1954.0,9.0,1.0,-7.461140517166924
1954.0,11.0,1.0,-7.6375664439136735
1954.0,13.0,1.0,-7.3067414209925925
1954.0,14.0,1.0,-7.109871463104271
1954.0,15.0,1.0,-6.89483905371559
1954.0,18.0,1.0,-6.472084328816907
1954.0,19.0,1.0,-6.387177363773468
1954.0,29.0,1.0,-6.265375215475845
1954.0,31.0,1.0,-6.220626170747755
1954.0,33.0,1.0,-6.135334917527684
1954.0,36.0,1.0,-5.9434365780974
1954.0,42.0,1.0,-5.357855079264233
1954.0,51.0,1.0,-4.474054208130554
1954.0,53.0,1.0,-4.30240247611827
1954.0,59.0,1.0,-3.8621382024991484
1954.0,60.0,1.0,-3.768052540018115
1954.0,63.0,1.0,-3.506591231208883
1954.0,64.0,1.0,-3.422523168376908
1954.0,76.0,1.0,-2.5420994171592013
1954.0,77.0,1.0,-2.4778913148940953
1954.0,80.0,1.0,-2.222600848567913
1954.0,83.0,1.0,-1.9880809694990653
1954.0,88.0,1.0,-1.5878036303089507
1954.0,92.0,1.0,-1.2941783682123327
1954.0,93.0,1.0,-1.2155563014026851
1954.0,94.0,1.0,-1.1571750999773958
1955.0,7.0,1.0,-7.468121348308264
1955.0,8.0,1.0,-7.573287292509109
1955.0,17.0,1.0,-6.6158322122731015
1955.0,24.0,1.0,-6.256472302520891
1955.0,27.0,1.0,-6.358478468841894
1955.0,32.0,1.0,-6.190891571804876
1955.0,38.0,1.0,-5.759400898419213
1955.0,43.0,1.0,-5.266237473084625
1955.0,58.0,1.0,-3.9272381712346265
1955.0,69.0,1.0,-3.0861822831427355
1955.0,76.0,1.0,-2.511369728729395
1955.0,80.0,1.0,-2.2230809918814467
1955.0,82.0,1.0,-2.045364805349882
1955.0,84.0,1.0,-1.8500137774586096
1955.0,89.0,1.0,-1.4715559970723198
1955.0,90.0,1.0,-1.4172691654193212
1955.0,94.0,1.0,-1.1402940276627533
1956.0,1.0,1.0,-6.2450673059069
1956.0,3.0,1.0,-7.017570144989343
1956.0,6.0,1.0,-7.380964039176821
1956.0,7.0,1.0,-7.482230929824584
1956.0,12.0,1.0,-7.536989133798429
1956.0,13.0,1.0,-7.450759801112363
1956.0,15.0,1.0,-6.934099254321739
1956.0,20.0,1.0,-6.240952073761794
1956.0,21.0,1.0,-6.2076324846857664
1956.0,22.0,1.0,-6.144615726602157
1956.0,29.0,1.0,-6.297989707361243
1956.0,30.0,1.0,-6.268536440447748
1956.0,36.0,1.0,-5.966967075507594
1956.0,41.0,1.0,-5.4865765160087445
1956.0,44.0,1.0,-5.174154723927614
1956.0,49.0,1.0,-4.705543160134878
1956.0,52.0,1.0,-4.428699042872313
1956.0,55.0,1.0,-4.151041905900646
1956.0,60.0,1.0,-3.7329567413548643
1956.0,62.0,1.0,-3.5884551012870562
1956.0,63.0,1.0,-3.5096627122734603
1956.0,69.0,1.0,-3.080419081721185
1956.0,71.0,1.0,-2.9250687983029184
1956.0,75.0,1.0,-2.607413324280797
1956.0,77.0,1.0,-2.4528267563245887
1956.0,78.0,1.0,-2.3735012413642824
1956.0,83.0,1.0,-1.9411972721268091
1956.0,86.0,1.0,-1.6452879128278581
1956.0,88.0,1.0,-1.5638624336428113
1956.0,92.0,1.0,-1.3207313649361316
1956.0,94.0,1.0,-1.1568220785396037
1957.0,2.0,1.0,-6.732961988608974
1957.0,3.0,1.0,-7.047017346315645
1957.0,9.0,1.0,-7.619066430169753
1957.0,13.0,1.0,-7.305252217441125
1957.0,14.0,1.0,-7.195437351433918
1957.0,17.0,1.0,-6.552180940487438
1957.0,22.0,1.0,-6.2327720690498625
1957.0,24.0,1.0,-6.259082588524021
1957.0,27.0,1.0,-6.383026750047155
1957.0,39.0,1.0,-5.635750064264374
1957.0,40.0,1.0,-5.54600979078366
1957.0,42.0,1.0,-5.342896409946004
1957.0,50.0,1.0,-4.572412621749919
1957.0,53.0,1.0,-4.292551628246279
1957.0,57.0,1.0,-3.9814266755670253
1957.0,69.0,1.0,-3.0473624667908497
1957.0,71.0,1.0,-2.8879905951157716
1957.0,75.0,1.0,-2.5967950927421155
1957.0,82.0,1.0,-2.0317567501144254
1957.0,93.0,1.0,-1.2066564019551378
1958.0,3.0,1.0,-6.98679848632259
1958.0,9.0,1.0,-7.641724454062337
1958.0,10.0,1.0,-7.728735831051967
1958.0,16.0,1.0,-6.7820040736765765
1958.0,17.0,1.0,-6.62107370686394
1958.0,21.0,1.0,-6.26748158802926
1958.0,25.0,1.0,-6.324981155903562
1958.0,28.0,1.0,-6.394931652553473
1958.0,29.0,1.0,-6.335082251890066
1958.0,31.0,1.0,-6.258559985951375
1958.0,32.0,1.0,-6.18602064157028
1958.0,33.0,1.0,-6.147884466379283
1958.0,35.0,1.0,-6.0194525836481505
1958.0,41.0,1.0,-5.48055892654182
1958.0,43.0,1.0,-5.277534827365508
1958.0,45.0,1.0,-5.103573289755525
1958.0,46.0,1.0,-5.002369549679223
1958.0,60.0,1.0,-3.7267474825578324
1958.0,62.0,1.0,-3.5761938326710427
1958.0,63.0,1.0,-3.4878669988764925
1958.0,68.0,1.0,-3.104520880630798
1958.0,69.0,1.0,-3.0633475229695586
1958.0,71.0,1.0,-2.898151945215127
1958.0,73.0,1.0,-2.779331403107174
1958.0,74.0,1.0,-2.6950352640247153
1958.0,88.0,1.0,-1.5264671878964848
1958.0,96.0,1.0,-1.0219429567416427
1958.0,97.0,1.0,-0.957779615382114
1958.0,99.0,1.0,-0.999368039291524
1959.0,0.0,1.0,-3.4775170285355674
1959.0,1.0,1.0,-6.297446376731196
1959.0,2.0,1.0,-6.749043587827316
1959.0,9.0,1.0,-7.57914096776057
1959.0,14.0,1.0,-7.215640058751437
1959.0,16.0,1.0,-6.766255716708438
1959.0,17.0,1.0,-6.5856717798130235
1959.0,20.0,1.0,-6.30782048014437
1959.0,24.0,1.0,-6.377715436292342
1959.0,29.0,1.0,-6.350427821564726
1959.0,30.0,1.0,-6.27012080835245
1959.0,31.0,1.0,-6.266954578794401
1959.0,42.0,1.0,-5.374550672547626
1959.0,43.0,1.0,-5.288565075105359
1959.0,50.0,1.0,-4.5963095575558945
1959.0,70.0,1.0,-2.9686425363638977
1959.0,81.0,1.0,-2.1458890838390636
1959.0,83.0,1.0,-1.9472490449765643
1959.0,85.0,1.0,-1.7880623121438204
1959.0,88.0,1.0,-1.5518720815997276
1959.0,89.0,1.0,-1.4526991559967704
1959.0,90.0,1.0,-1.3918256304240986
1959.0,92.0,1.0,-1.2833299137423437
1959.0,93.0,1.0,-1.1891006123282488
1959.0,97.0,1.0,-0.9512497390105618
1960.0,0.0,1.0,-3.48649386628424
1960.0,6.0,1.0,-7.397145622028063
1960.0,11.0,1.0,-7.621105166859602
1960.0,14.0,1.0,-7.257312755152006
1960.0,22.0,1.0,-6.316640823987344
1960.0,28.0,1.0,-6.38896148556697
1960.0,37.0,1.0,-5.887825512348496
1960.0,41.0,1.0,-5.504358009962584
1960.0,45.0,1.0,-5.074693930396976
1960.0,66.0,1.0,-3.278997448209582
1960.0,71.0,1.0,-2.912513077803248
1960.0,74.0,1.0,-2.6727506271152772
1960.0,80.0,1.0,-2.150800066261742
1960.0,88.0,1.0,-1.5312600193700825
1960.0,92.0,1.0,-1.2592459376010892
1960.0,93.0,1.0,-1.1664008855848578
1960.0,98.0,1.0,-0.9812880248981236
1960.0,99.0,1.0,-0.9449525864935129
1961.0,2.0,1.0,-6.809721538710772
1961.0,5.0,1.0,-7.408630571894959
1961.0,6.0,1.0,-7.420248959848824
1961.0,11.0,1.0,-7.6842840684811335
1961.0,15.0,1.0,-7.1221868896943255
1961.0,21.0,1.0,-6.320524324013741
1961.0,22.0,1.0,-6.289870582922738
1961.0,25.0,1.0,-6.413668979220445
1961.0,32.0,1.0,-6.259605464352927
1961.0,33.0,1.0,-6.19676818029386
1961.0,35.0,1.0,-6.04191609060408
1961.0,40.0,1.0,-5.5751254424479395
1961.0,45.0,1.0,-5.1243640594245985
1961.0,51.0,1.0,-4.495060963308061
1961.0,52.0,1.0,-4.425268220712904
1961.0,53.0,1.0,-4.335524801022462
1961.0,55.0,1.0,-4.176249001843586
1961.0,58.0,1.0,-3.9405768128462073
1961.0,74.0,1.0,-2.7386743706460193
1961.0,75.0,1.0,-2.602515200667738
1961.0,77.0,1.0,-2.473207354216156
1961.0,78.0,1.0,-2.3858580121878674
1961.0,82.0,1.0,-2.0513051097508077
1961.0,86.0,1.0,-1.7016080274062308
1961.0,89.0,1.0,-1.469941222626598
1961.0,90.0,1.0,-1.4313168319682625
1961.0,95.0,1.0,-1.0432154254478219
1961.0,98.0,1.0,-1.009651313380892
1961.0,99.0,1.0,-1.0509370314908535
1962.0,6.0,1.0,-7.49294531803699
1962.0,15.0,1.0,-7.179564002277628
1962.0,16.0,1.0,-6.8599179495679765
1962.0,20.0,1.0,-6.365430988156775
1962.0,25.0,1.0,-6.372432183615759
1962.0,28.0,1.0,-6.381844017798105
1962.0,30.0,1.0,-6.323307515345532
1962.0,32.0,1.0,-6.225669045781617
1962.0,34.0,1.0,-6.091948085686305
1962.0,35.0,1.0,-5.997482619433545
1962.0,36.0,1.0,-5.953398346301526
1962.0,40.0,1.0,-5.583868377990863
1962.0,42.0,1.0,-5.3797443652437655
1962.0,50.0,1.0,-4.600580733654284
1962.0,55.0,1.0,-4.197840151270414
1962.0,67.0,1.0,-3.1662359375440214
1962.0,70.0,1.0,-3.0049748549209236
1962.0,71.0,1.0,-2.9898297279013772
1962.0,72.0,1.0,-2.8119451245984264
1962.0,73.0,1.0,-2.743169735597225
1962.0,75.0,1.0,-2.6207263729305352
1962.0,78.0,1.0,-2.348587147555843
1962.0,82.0,1.0,-1.9940421298749356
1962.0,85.0,1.0,-1.7481196883991017
1962.0,87.0,1.0,-1.5833949924071018
1962.0,93.0,1.0,-1.1898496735727442
1962.0,94.0,1.0,-1.1206462635697763
1962.0,96.0,1.0,-0.978684887141841
1962.0,98.0,1.0,-0.9178219035193856
1963.0,2.0,1.0,-6.792642471881632
1963.0,9.0,1.0,-7.675626005738019
1963.0,10.0,1.0,-7.751725349276666
1963.0,11.0,1.0,-7.7264656825174285
1963.0,13.0,1.0,-7.4893610848091745
1963.0,14.0,1.0,-7.332403206507076
1963.0,23.0,1.0,-6.293110326577149
1963.0,38.0,1.0,-5.723883146363204
1963.0,39.0,1.0,-5.661873071578992
1963.0,40.0,1.0,-5.585999438999818
1963.0,43.0,1.0,-5.285796085994365
1963.0,51.0,1.0,-4.5160610109163155
1963.0,53.0,1.0,-4.287662356639069
1963.0,60.0,1.0,-3.711288675627066
1963.0,61.0,1.0,-3.6825793415654564
1963.0,67.0,1.0,-3.142331537228415
1963.0,71.0,1.0,-2.9342609514658897
1963.0,72.0,1.0,-2.8278815831884927
1963.0,79.0,1.0,-2.2533854888470786
1963.0,80.0,1.0,-2.159844981075904
1963.0,83.0,1.0,-1.8782720615405373
1963.0,88.0,1.0,-1.4912416288430745
1963.0,89.0,1.0,-1.4154760344834707
1963.0,90.0,1.0,-1.3282858642584752
1963.0,92.0,1.0,-1.2494968082087476
1963.0,95.0,1.0,-1.0262451165422088
1963.0,96.0,1.0,-0.9551303176656971
1964.0,7.0,1.0,-7.608934631239347
1964.0,10.0,1.0,-7.765777102732316
1964.0,11.0,1.0,-7.6649077895179945
1964.0,21.0,1.0,-6.26748158802926
1964.0,22.0,1.0,-6.3105684895681025
1964.0,23.0,1.0,-6.280747900926737
1964.0,24.0,1.0,-6.31001828322685
1964.0,28.0,1.0,-6.3138761000808605
1964.0,31.0,1.0,-6.239925906406482
1964.0,32.0,1.0,-6.143218102335519
1964.0,36.0,1.0,-5.90528685086693
1964.0,39.0,1.0,-5.629046128542184
1964.0,44.0,1.0,-5.160296068650662
1964.0,47.0,1.0,-4.893786027599964
1964.0,49.0,1.0,-4.705543160134878
1964.0,51.0,1.0,-4.515055296545831
1964.0,54.0,1.0,-4.239139147125334
1964.0,55.0,1.0,-4.18494783690502
1964.0,64.0,1.0,-3.3693499382230354
1964.0,65.0,1.0,-3.3499245874847325
1964.0,67.0,1.0,-3.174500152148648
1964.0,68.0,1.0,-3.1143131273826725
1964.0,72.0,1.0,-2.8309469143494534
1964.0,80.0,1.0,-2.191052662844969
1964.0,82.0,1.0,-2.0287104052734786
1964.0,86.0,1.0,-1.6930043210562569
1964.0,89.0,1.0,-1.4655453822599276
1964.0,91.0,1.0,-1.3623864465684137
1964.0,99.0,1.0,-0.8946319850967569
1965.0,0.0,1.0,-3.5834389416559396
1965.0,4.0,1.0,-7.261577153938463
1965.0,5.0,1.0,-7.410282099933433
1965.0,6.0,1.0,-7.544522126105975
1965.0,13.0,1.0,-7.482230929824584
1965.0,23.0,1.0,-6.287178791257027
1965.0,28.0,1.0,-6.276483502140279
1965.0,29.0,1.0,-6.269592406754951
1965.0,36.0,1.0,-5.915244521196573
1965.0,40.0,1.0,-5.531006330705778
1965.0,43.0,1.0,-5.2911431628000365
1965.0,44.0,1.0,-5.181423615076537
1965.0,45.0,1.0,-5.065619602429015
1965.0,52.0,1.0,-4.392966254712267
1965.0,55.0,1.0,-4.166915255056936
1965.0,56.0,1.0,-4.1068220837332134
1965.0,58.0,1.0,-3.9234379082434447
1965.0,60.0,1.0,-3.711043266815658
1965.0,61.0,1.0,-3.6367045484598273
1965.0,66.0,1.0,-3.3178125727282244
1965.0,71.0,1.0,-2.93838832137179
1965.0,79.0,1.0,-2.265404921869762
1965.0,80.0,1.0,-2.172048179349852
1965.0,86.0,1.0,-1.695426176618538
1965.0,87.0,1.0,-1.604918142002438
1965.0,90.0,1.0,-1.3514215479380762
1965.0,91.0,1.0,-1.3678023962881998
1965.0,96.0,1.0,-1.035423427912497
1966.0,0.0,1.0,-3.614143107999919
1966.0,3.0,1.0,-7.1184763102977895
1966.0,12.0,1.0,-7.67778350387804
1966.0,15.0,1.0,-7.070274208479912
1966.0,16.0,1.0,-6.712188495438162
1966.0,27.0,1.0,-6.273827458082163
1966.0,28.0,1.0,-6.312772347209423
1966.0,30.0,1.0,-6.255430092942447
1966.0,38.0,1.0,-5.683979847360021
1966.0,39.0,1.0,-5.6399629619432465
1966.0,41.0,1.0,-5.433679004478713
1966.0,44.0,1.0,-5.187133837587422
1966.0,46.0,1.0,-4.963560886710327
1966.0,51.0,1.0,-4.50108047746371
1966.0,52.0,1.0,-4.3736617183422535
1966.0,53.0,1.0,-4.3141437122859205
1966.0,58.0,1.0,-3.889136901641445
1966.0,65.0,1.0,-3.254295770099461
1966.0,66.0,1.0,-3.228042712693018
1966.0,68.0,1.0,-3.119958522197234
1966.0,72.0,1.0,-2.8164486599734877
1966.0,77.0,1.0,-2.3975333383045623
1966.0,84.0,1.0,-1.8374558241645709
1966.0,88.0,1.0,-1.5454823736977512
1966.0,93.0,1.0,-1.1948611088575223
1966.0,98.0,1.0,-0.9662796142192273
1966.0,100.0,1.0,-0.9557386708412664
1967.0,2.0,1.0,-6.885993787200625
1967.0,14.0,1.0,-7.277370734196604
1967.0,21.0,1.0,-6.154454175602445
1967.0,26.0,1.0,-6.285030562718737
1967.0,29.0,1.0,-6.280747900926737
1967.0,33.0,1.0,-6.064895825193865
1967.0,36.0,1.0,-5.881713683148863
1967.0,40.0,1.0,-5.543706526809566
1967.0,54.0,1.0,-4.240943825896524
1967.0,57.0,1.0,-3.9967642338832365
1967.0,61.0,1.0,-3.6589711983752715
1967.0,62.0,1.0,-3.5411838492412113
1967.0,63.0,1.0,-3.467016722699449
1967.0,65.0,1.0,-3.3410152106538216
1967.0,69.0,1.0,-3.07826641560761
1967.0,81.0,1.0,-2.1449917744250477
1967.0,83.0,1.0,-1.9512101693827728
1967.0,84.0,1.0,-1.8684547856721165
1967.0,85.0,1.0,-1.7994610504150939
1967.0,97.0,1.0,-0.9492401507652543
1967.0,100.0,1.0,-0.8760176879997388
1968.0,0.0,1.0,-3.669469060594113
1968.0,9.0,1.0,-7.735577362868684
1968.0,16.0,1.0,-6.635440683661478
1968.0,19.0,1.0,-6.18991548583182
1968.0,21.0,1.0,-6.071373930336284
1968.0,23.0,1.0,-6.109797734069847
1968.0,26.0,1.0,-6.201198411512274
1968.0,31.0,1.0,-6.124767394422403
1968.0,32.0,1.0,-6.080951713609518
1968.0,33.0,1.0,-6.028128531479574
1968.0,37.0,1.0,-5.766722274430075
1968.0,42.0,1.0,-5.321381306146589
1968.0,43.0,1.0,-5.234404040804384
1968.0,46.0,1.0,-4.969013619405437
1968.0,52.0,1.0,-4.405991512127714
1968.0,55.0,1.0,-4.131485838902783
1968.0,56.0,1.0,-4.0725439322632475
1968.0,57.0,1.0,-3.965845812125653
1968.0,60.0,1.0,-3.6987277901687508
1968.0,62.0,1.0,-3.525163241645551
1968.0,66.0,1.0,-3.2823748864311093
1968.0,67.0,1.0,-3.1173350953132397
1968.0,69.0,1.0,-3.0760750262365293
1968.0,78.0,1.0,-2.3326217093705846
1968.0,81.0,1.0,-2.149066041173193
1968.0,82.0,1.0,-2.023114139701284
1968.0,83.0,1.0,-1.9408420137771139
1968.0,85.0,1.0,-1.7679003746490338
1968.0,86.0,1.0,-1.6947071714292452
1968.0,87.0,1.0,-1.6323688277248218
1968.0,96.0,1.0,-1.0753773232952994
1968.0,99.0,1.0,-0.9680367603092476
1969.0,3.0,1.0,-7.151101537613866
1969.0,16.0,1.0,-6.588574539470985
1969.0,18.0,1.0,-6.176349386305102
1969.0,20.0,1.0,-6.134873130403339
1969.0,30.0,1.0,-6.180689880218731
1969.0,41.0,1.0,-5.442187736967739
1969.0,52.0,1.0,-4.441861568376067
1969.0,53.0,1.0,-4.34550185999151
1969.0,57.0,1.0,-3.99692751251859
1969.0,71.0,1.0,-2.9206248010671856
1969.0,72.0,1.0,-2.803476887693187
1969.0,77.0,1.0,-2.4620264102612737
1969.0,79.0,1.0,-2.2647114405659643
1969.0,83.0,1.0,-1.956976152039247
1969.0,87.0,1.0,-1.6529823594674644
1969.0,88.0,1.0,-1.585682324079704
1969.0,91.0,1.0,-1.3580879292297225
1969.0,94.0,1.0,-1.1425296940331884
1969.0,95.0,1.0,-1.1208916405160032
1969.0,96.0,1.0,-1.0681257615565856
1970.0,3.0,1.0,-7.139687336329426
1970.0,5.0,1.0,-7.426949152418644
1970.0,6.0,1.0,-7.5351147190040795
1970.0,7.0,1.0,-7.641724454062337
1970.0,8.0,1.0,-7.686460347903729
1970.0,14.0,1.0,-7.241830391003629
1970.0,19.0,1.0,-6.150225839492924
1970.0,22.0,1.0,-6.040654791298754
1970.0,23.0,1.0,-6.154454175602445
1970.0,24.0,1.0,-6.153512999062381
1970.0,25.0,1.0,-6.17490673157064
1970.0,26.0,1.0,-6.206639928773015
1970.0,30.0,1.0,-6.183594044893022
1970.0,34.0,1.0,-5.987472525838444
1970.0,37.0,1.0,-5.7799078650456925
1970.0,54.0,1.0,-4.24770555393511
1970.0,59.0,1.0,-3.822685170075951
1970.0,66.0,1.0,-3.2834943492059425
1970.0,68.0,1.0,-3.1441626787263446
1970.0,76.0,1.0,-2.5218113270242104
1970.0,77.0,1.0,-2.4572525730061847
1970.0,79.0,1.0,-2.3015056757744814
1970.0,84.0,1.0,-1.9011681677324506
1970.0,86.0,1.0,-1.7378168873038873
1970.0,88.0,1.0,-1.611785666252579
1970.0,90.0,1.0,-1.4473700846674138
1970.0,98.0,1.0,-1.0464592139975775
1971.0,5.0,1.0,-7.393888290157756
1971.0,12.0,1.0,-7.71519160594421
1971.0,13.0,1.0,-7.559760516210908
1971.0,18.0,1.0,-6.220123279110302
1971.0,36.0,1.0,-5.824933676220351
1971.0,39.0,1.0,-5.638556689738493
1971.0,42.0,1.0,-5.383657413715052
1971.0,43.0,1.0,-5.268370290180084
1971.0,46.0,1.0,-4.976088950343672
1971.0,47.0,1.0,-4.921663340293992
1971.0,50.0,1.0,-4.651423570505553
1971.0,57.0,1.0,-4.010242412934606
1971.0,70.0,1.0,-2.949669635227427
1971.0,71.0,1.0,-2.914060124909966
1971.0,75.0,1.0,-2.581466009492758
1971.0,77.0,1.0,-2.4705541415636
1971.0,79.0,1.0,-2.297707010209713
1971.0,81.0,1.0,-2.1553468203293615
1971.0,85.0,1.0,-1.8175019827716
1971.0,91.0,1.0,-1.383657839798761
1971.0,95.0,1.0,-1.0947298351538877
1972.0,1.0,1.0,-6.645391014514646
1972.0,9.0,1.0,-7.796917343468039
1972.0,11.0,1.0,-7.792062965003241
1972.0,17.0,1.0,-6.403954270153111
1972.0,20.0,1.0,-6.147884466379283
1972.0,21.0,1.0,-6.045709561960378
1972.0,27.0,1.0,-6.234300731767928
1972.0,28.0,1.0,-6.204162840560653
1972.0,34.0,1.0,-6.03270329512458
1972.0,37.0,1.0,-5.80515096904449
1972.0,47.0,1.0,-4.898870330765435
1972.0,57.0,1.0,-4.008313665746432
1972.0,59.0,1.0,-3.854037156229493
1972.0,60.0,1.0,-3.74824736592129
1972.0,64.0,1.0,-3.4358509401620347
1972.0,66.0,1.0,-3.309758321345374
1972.0,70.0,1.0,-2.979111172537755
1972.0,71.0,1.0,-2.8685535162572453
1972.0,83.0,1.0,-1.9823729088606479
1972.0,88.0,1.0,-1.617676758712891
1972.0,96.0,1.0,-1.0411682489564476
1972.0,98.0,1.0,-0.9665372059482773
1972.0,99.0,1.0,-0.9617118277331023
1973.0,2.0,1.0,-7.006471251921295
1973.0,3.0,1.0,-7.2170015293497585
1973.0,5.0,1.0,-7.454208080391279
1973.0,8.0,1.0,-7.763421389039857
1973.0,10.0,1.0,-7.806697372521679
1973.0,11.0,1.0,-7.834096346709794
1973.0,12.0,1.0,-7.673473152376918
1973.0,17.0,1.0,-6.41856195534326
1973.0,18.0,1.0,-6.171548608961745
1973.0,19.0,1.0,-6.1725069224035565
1973.0,29.0,1.0,-6.183109431362821
1973.0,31.0,1.0,-6.188453140945341
1973.0,34.0,1.0,-6.028958751535562
1973.0,39.0,1.0,-5.652709204472201
1973.0,40.0,1.0,-5.566981433164056
1973.0,56.0,1.0,-4.124721298880817
1973.0,57.0,1.0,-4.028556821684098
1973.0,58.0,1.0,-3.9518559059298695
1973.0,63.0,1.0,-3.5516947429915113
1973.0,72.0,1.0,-2.7814760982296907
1973.0,73.0,1.0,-2.7670520777820196
1973.0,78.0,1.0,-2.4114182981308447
1973.0,88.0,1.0,-1.6094629127466056
1974.0,2.0,1.0,-7.071451371652927
1974.0,6.0,1.0,-7.658531572378719
1974.0,8.0,1.0,-7.794487208614748
1974.0,9.0,1.0,-7.834096346709794
1974.0,12.0,1.0,-7.728735831051967
1974.0,17.0,1.0,-6.444021262749997
1974.0,22.0,1.0,-6.146482269374591
1974.0,24.0,1.0,-6.202679527556918
1974.0,28.0,1.0,-6.243522108586834
1974.0,30.0,1.0,-6.261175734238527
1974.0,35.0,1.0,-6.029374120181203
1974.0,36.0,1.0,-5.957256375778245
1974.0,37.0,1.0,-5.886384070657474
1974.0,38.0,1.0,-5.770884278196937
1974.0,40.0,1.0,-5.63155484065932
1974.0,42.0,1.0,-5.450536579525548
1974.0,47.0,1.0,-4.95401869367736
1974.0,49.0,1.0,-4.776551802743712
1974.0,53.0,1.0,-4.4652343456905745
1974.0,56.0,1.0,-4.184356800933127
1974.0,57.0,1.0,-4.084414033545192
1974.0,62.0,1.0,-3.656063825172313
1974.0,63.0,1.0,-3.5892875449189776
1974.0,65.0,1.0,-3.4297511890802164
1974.0,67.0,1.0,-3.2669112739067576
1974.0,68.0,1.0,-3.19286700568715
1974.0,70.0,1.0,-2.996032318562993
1974.0,71.0,1.0,-2.9561077957707735
1974.0,78.0,1.0,-2.443618843774766
1974.0,79.0,1.0,-2.3725784648145805
1974.0,83.0,1.0,-2.0290298357772443
1974.0,89.0,1.0,-1.5523158881451322
1974.0,94.0,1.0,-1.1781621178262198
1974.0,98.0,1.0,-0.999289262023343
1975.0,17.0,1.0,-6.510322342571237
1975.0,18.0,1.0,-6.282886939175486
1975.0,25.0,1.0,-6.176349386305102
1975.0,26.0,1.0,-6.2036681583838575
1975.0,33.0,1.0,-6.131646577707844
1975.0,35.0,1.0,-6.026884492339242
1975.0,41.0,1.0,-5.579619832035778
1975.0,42.0,1.0,-5.4613069950424995
1975.0,44.0,1.0,-5.336642480869704
1975.0,50.0,1.0,-4.703996540294987
1975.0,56.0,1.0,-4.251208920747042
1975.0,58.0,1.0,-4.017550201643071
1975.0,68.0,1.0,-3.216329070601625
1975.0,69.0,1.0,-3.1589573346569573
1975.0,72.0,1.0,-2.8610790104615376
1975.0,76.0,1.0,-2.6402420310970163
1975.0,77.0,1.0,-2.517574480052386
1975.0,80.0,1.0,-2.288879445937934
1975.0,86.0,1.0,-1.819967604031673
1975.0,97.0,1.0,-1.0627771076591586
1975.0,98.0,1.0,-0.9509857016710419
1975.0,100.0,1.0,-1.0265744577789873
1976.0,7.0,1.0,-7.870089949357699
1976.0,19.0,1.0,-6.295818153847735
1976.0,23.0,1.0,-6.2455829027216225
1976.0,31.0,1.0,-6.299077255048641
1976.0,32.0,1.0,-6.2580376563495275
1976.0,35.0,1.0,-6.135334917527684
1976.0,41.0,1.0,-5.627377143453796
1976.0,43.0,1.0,-5.40545724210594
1976.0,51.0,1.0,-4.677740878822926
1976.0,54.0,1.0,-4.4248506318648095
1976.0,67.0,1.0,-3.3432775910763897
1976.0,68.0,1.0,-3.2460671817213966
1976.0,69.0,1.0,-3.1559479751657284
1976.0,71.0,1.0,-3.0272435806932476
1976.0,80.0,1.0,-2.282674628375264
1976.0,99.0,1.0,-0.9593783117291335
1977.0,11.0,1.0,-7.940579827112244
1977.0,15.0,1.0,-7.149826840181865
1977.0,17.0,1.0,-6.539645957417742
1977.0,21.0,1.0,-6.215108223463874
1977.0,28.0,1.0,-6.278613428398104
1977.0,35.0,1.0,-6.1183892406816485
1977.0,38.0,1.0,-5.8820721703367855
1977.0,39.0,1.0,-5.824595094872949
1977.0,40.0,1.0,-5.804819018833973
1977.0,42.0,1.0,-5.528737326833022
1977.0,49.0,1.0,-4.864718419196101
1977.0,50.0,1.0,-4.7533222270119495
1977.0,57.0,1.0,-4.196244406250946
1977.0,60.0,1.0,-3.8793138310184414
1977.0,64.0,1.0,-3.5884551012870562
1977.0,66.0,1.0,-3.438712350424914
1977.0,70.0,1.0,-3.0455319471065967
1977.0,71.0,1.0,-3.034888988755185
1977.0,73.0,1.0,-2.8626009609508083
1977.0,79.0,1.0,-2.4134272722211105
1977.0,84.0,1.0,-1.9861625141785364
1977.0,91.0,1.0,-1.4696890136222693
1977.0,93.0,1.0,-1.3165369819434292
1977.0,95.0,1.0,-1.2047064066796873
1977.0,97.0,1.0,-1.076491761543195
1978.0,5.0,1.0,-7.724200675886576
1978.0,6.0,1.0,-7.761071211694904
1978.0,9.0,1.0,-8.05031945517943
1978.0,14.0,1.0,-7.468121348308264
1978.0,20.0,1.0,-6.2512720827937835
1978.0,21.0,1.0,-6.191379972302984
1978.0,24.0,1.0,-6.272767012595724
1978.0,25.0,1.0,-6.266954578794401
1978.0,28.0,1.0,-6.280213855520185
1978.0,36.0,1.0,-6.0606002859428445
1978.0,39.0,1.0,-5.83309421113654
1978.0,49.0,1.0,-4.933396513755453
1978.0,51.0,1.0,-4.719011002411851
1978.0,54.0,1.0,-4.447995511616092
1978.0,58.0,1.0,-4.118616763197821
1978.0,59.0,1.0,-4.073424911969597
1978.0,71.0,1.0,-3.0480576793326755
1978.0,77.0,1.0,-2.5481276392517342
1978.0,81.0,1.0,-2.2395915146662637
1978.0,83.0,1.0,-2.0864017075355803
1978.0,87.0,1.0,-1.7640178510463962
1978.0,89.0,1.0,-1.5926102943278413
1978.0,91.0,1.0,-1.4883669545893912
1978.0,92.0,1.0,-1.3875952068529387
1978.0,97.0,1.0,-1.0322713303967426
1979.0,0.0,1.0,-4.216241046520026
1979.0,4.0,1.0,-7.643809960553359
1979.0,5.0,1.0,-7.701828378132043
1979.0,7.0,1.0,-7.980699820901669
1979.0,13.0,1.0,-7.728735831051967
1979.0,17.0,1.0,-6.530004009441488
1979.0,33.0,1.0,-6.204162840560653
1979.0,36.0,1.0,-6.085775226579223
1979.0,42.0,1.0,-5.615771597333488
1979.0,45.0,1.0,-5.321585993487391
1979.0,47.0,1.0,-5.148174708118317
1979.0,49.0,1.0,-4.950622624190085
1979.0,50.0,1.0,-4.8344575720627905
1979.0,53.0,1.0,-4.570672145580524
1979.0,57.0,1.0,-4.237822399993055
1979.0,61.0,1.0,-3.8869889877085044
1979.0,63.0,1.0,-3.717525872704058
1979.0,64.0,1.0,-3.6208470437221094
1979.0,67.0,1.0,-3.403159304975696
1979.0,68.0,1.0,-3.3274358981001018
1979.0,70.0,1.0,-3.113615314210708
1979.0,74.0,1.0,-2.824977353131502
1979.0,80.0,1.0,-2.3513447576285933
1980.0,5.0,1.0,-7.8806163623446865
1980.0,7.0,1.0,-7.932188169475995
1980.0,9.0,1.0,-8.06293791913864
1980.0,10.0,1.0,-8.111728083308073
1980.0,18.0,1.0,-6.298533333359953
1980.0,19.0,1.0,-6.265375215475845
1980.0,21.0,1.0,-6.186992931389218
1980.0,24.0,1.0,-6.226174734793657
1980.0,25.0,1.0,-6.21811423775148
1980.0,26.0,1.0,-6.237365085544808
1980.0,32.0,1.0,-6.230737480352075
1980.0,39.0,1.0,-5.880638992019097
1980.0,51.0,1.0,-4.7646349606391185
1980.0,53.0,1.0,-4.584877482720329
1980.0,58.0,1.0,-4.118616763197821
1980.0,59.0,1.0,-4.0693788162043525
1980.0,60.0,1.0,-3.963263669621742
1980.0,68.0,1.0,-3.3153867252490445
1980.0,79.0,1.0,-2.4456705521376763
1980.0,80.0,1.0,-2.3161263635607128
1980.0,81.0,1.0,-2.261116907300285
1980.0,82.0,1.0,-2.1627535878210433
1980.0,84.0,1.0,-1.9883000387477308
1980.0,87.0,1.0,-1.7448396244445812
1980.0,88.0,1.0,-1.6814173822262648
1980.0,90.0,1.0,-1.5332920182548133
1980.0,92.0,1.0,-1.3844959791785112
1980.0,94.0,1.0,-1.2163355761094532
1980.0,96.0,1.0,-1.0548432808604038
1980.0,99.0,1.0,-0.8989371795467018
1981.0,7.0,1.0,-8.02249694958013
1981.0,27.0,1.0,-6.278080521377765
1981.0,34.0,1.0,-6.244551974795264
1981.0,40.0,1.0,-5.823580038111797
1981.0,43.0,1.0,-5.576973627792505
1981.0,44.0,1.0,-5.491902115620702
1981.0,48.0,1.0,-5.040579170469328
1981.0,52.0,1.0,-4.6915999139864795
1981.0,59.0,1.0,-4.090910465487818
1981.0,60.0,1.0,-4.022619426770173
1981.0,61.0,1.0,-3.917689027054773
1981.0,63.0,1.0,-3.7335421480201294
1981.0,67.0,1.0,-3.406682396892729
1981.0,78.0,1.0,-2.5389405382804857
1981.0,84.0,1.0,-2.025764291175118
1981.0,88.0,1.0,-1.707955229609932
1981.0,90.0,1.0,-1.5851356199111355
1981.0,97.0,1.0,-1.0867766074924436
1982.0,1.0,1.0,-6.933073086966427
1982.0,6.0,1.0,-7.992464662481256
1982.0,9.0,1.0,-8.091925456011893
1982.0,13.0,1.0,-7.867475568783628
1982.0,21.0,1.0,-6.3435784797191515
1982.0,27.0,1.0,-6.355020252138937
1982.0,32.0,1.0,-6.251790889549908
1982.0,38.0,1.0,-5.9775616419389905
1982.0,45.0,1.0,-5.42865386827604
1982.0,49.0,1.0,-5.024480700918309
1982.0,56.0,1.0,-4.3584663702648685
1982.0,59.0,1.0,-4.131174535472819
1982.0,62.0,1.0,-3.7932626697073033
1982.0,64.0,1.0,-3.7029378113649765
1982.0,66.0,1.0,-3.5144556694471225
1982.0,69.0,1.0,-3.26604605184468
1982.0,71.0,1.0,-3.0998713132951363
1982.0,74.0,1.0,-2.8655991485056225
1982.0,79.0,1.0,-2.4697028160457273
1982.0,80.0,1.0,-2.3748440064801244
1982.0,83.0,1.0,-2.1236442443595687
1982.0,86.0,1.0,-1.872824198988288
1982.0,92.0,1.0,-1.4326399157835075
1982.0,95.0,1.0,-1.234225847496957
1982.0,97.0,1.0,-1.0786096813692638
1983.0,3.0,1.0,-7.548310009422912
1983.0,4.0,1.0,-7.784825297703011
1983.0,11.0,1.0,-8.220799178362435
1983.0,12.0,1.0,-8.034767042171945
1983.0,17.0,1.0,-6.768863280115518
1983.0,18.0,1.0,-6.536881615643591
1983.0,22.0,1.0,-6.427182698387167
1983.0,24.0,1.0,-6.444021262749997
1983.0,29.0,1.0,-6.410014894764802
1983.0,31.0,1.0,-6.325539659129474
1983.0,42.0,1.0,-5.727255830841843
1983.0,43.0,1.0,-5.622663423371409
1983.0,59.0,1.0,-4.122126943234552
1983.0,60.0,1.0,-4.042644350636584
1983.0,65.0,1.0,-3.616261162411945
1983.0,68.0,1.0,-3.3387579370450475
1983.0,71.0,1.0,-3.1132778374090346
1983.0,82.0,1.0,-2.1683077286756056
1983.0,85.0,1.0,-1.9431360005659646
1983.0,86.0,1.0,-1.8625575405367705
1983.0,93.0,1.0,-1.3186917889846796
1983.0,95.0,1.0,-1.2114204694610935
1983.0,96.0,1.0,-1.1449337525871277
1983.0,97.0,1.0,-1.0057068160377085
1984.0,0.0,1.0,-4.411661439803573
1984.0,6.0,1.0,-8.06611757205602
1984.0,8.0,1.0,-8.125151103640214
1984.0,12.0,1.0,-8.044069434834258
1984.0,14.0,1.0,-7.67778350387804
1984.0,15.0,1.0,-7.361885559071583
1984.0,19.0,1.0,-6.506298192271512
1984.0,21.0,1.0,-6.394931652553473
1984.0,25.0,1.0,-6.412449466874183
1984.0,26.0,1.0,-6.410622982348149
1984.0,30.0,1.0,-6.344716783769212
1984.0,32.0,1.0,-6.286104100127262
1984.0,33.0,1.0,-6.244036909113004
1984.0,35.0,1.0,-6.21811423775148
1984.0,40.0,1.0,-5.862192211403843
1984.0,41.0,1.0,-5.80515096904449
1984.0,42.0,1.0,-5.713529826111081
1984.0,57.0,1.0,-4.310860127246089
1984.0,72.0,1.0,-3.02982694732482
1984.0,74.0,1.0,-2.866934567164485
1984.0,76.0,1.0,-2.6892775157789264
1984.0,78.0,1.0,-2.5528172499989887
1984.0,80.0,1.0,-2.360320143645284
1984.0,84.0,1.0,-2.016556887426448
1985.0,3.0,1.0,-7.695213139013323
1985.0,6.0,1.0,-8.078938260485081
1985.0,9.0,1.0,-8.235780731978052
1985.0,13.0,1.0,-7.821549130657705
1985.0,20.0,1.0,-6.500957725640194
1985.0,25.0,1.0,-6.399733582548881
1985.0,30.0,1.0,-6.311669811265323
1985.0,35.0,1.0,-6.14601530695658
1985.0,43.0,1.0,-5.638556689738493
1985.0,46.0,1.0,-5.3644571690525815
1985.0,47.0,1.0,-5.296918345634329
1985.0,50.0,1.0,-4.985845125289037
1985.0,53.0,1.0,-4.685838089055546
1985.0,55.0,1.0,-4.480124697013867
1985.0,61.0,1.0,-3.95843350325081
1985.0,64.0,1.0,-3.7233880865775992
1985.0,70.0,1.0,-3.1806171127511105
1985.0,74.0,1.0,-2.8735323401014172
1985.0,80.0,1.0,-2.3446161514709734
1985.0,87.0,1.0,-1.7800008732820076
1985.0,98.0,1.0,-1.0045647238084823
1985.0,99.0,1.0,-0.9010105704299369
1986.0,1.0,1.0,-7.052781051032395
1986.0,2.0,1.0,-7.400413598792679
1986.0,9.0,1.0,-8.282121069236753
1986.0,18.0,1.0,-6.451597056558454
1986.0,24.0,1.0,-6.365430988156775
1986.0,34.0,1.0,-6.108447902593801
1986.0,48.0,1.0,-5.1851672686153805
1986.0,50.0,1.0,-4.989363158820716
1986.0,67.0,1.0,-3.5143548816222063
1986.0,69.0,1.0,-3.3290534798896703
1986.0,70.0,1.0,-3.2115775223870893
1986.0,71.0,1.0,-3.1182163417690236
1986.0,72.0,1.0,-3.0123089099587923
1986.0,74.0,1.0,-2.906604803735551
1986.0,76.0,1.0,-2.709711580428876
1986.0,77.0,1.0,-2.649974707908111
1986.0,81.0,1.0,-2.277765659177533
1986.0,82.0,1.0,-2.19980289835102
1986.0,89.0,1.0,-1.6279532686193667
1986.0,91.0,1.0,-1.4695977122515986
1986.0,97.0,1.0,-1.056507277565745
1986.0,99.0,1.0,-0.9339507561843493
1986.0,100.0,1.0,-0.9701320064500856
1987.0,6.0,1.0,-8.047189562170502
1987.0,7.0,1.0,-8.187889444273637
1987.0,10.0,1.0,-8.322449114623726
1987.0,11.0,1.0,-8.121778419161574
1987.0,12.0,1.0,-8.004369564987574
1987.0,14.0,1.0,-7.62930193406378
1987.0,24.0,1.0,-6.395530634302439
1987.0,36.0,1.0,-5.987472525838444
1987.0,40.0,1.0,-5.872437840686341
1987.0,50.0,1.0,-5.019020350630696
1987.0,52.0,1.0,-4.813425124808551
1987.0,60.0,1.0,-4.070491326199941
1987.0,64.0,1.0,-3.7729569573051487
1987.0,73.0,1.0,-2.9518876517775734
1987.0,74.0,1.0,-2.899277294736729
1987.0,79.0,1.0,-2.4790478461450207
1987.0,81.0,1.0,-2.2850988719867704
1987.0,82.0,1.0,-2.2114289839522043
1987.0,84.0,1.0,-2.050271164380056
1987.0,87.0,1.0,-1.7707693120305883
1987.0,89.0,1.0,-1.6497444148432472
1987.0,90.0,1.0,-1.5487850557221563
1988.0,5.0,1.0,-8.02249694958013
1988.0,8.0,1.0,-8.209708491668277
1988.0,11.0,1.0,-8.187889444273637
1988.0,22.0,1.0,-6.377715436292342
1988.0,23.0,1.0,-6.364849761752734
1988.0,25.0,1.0,-6.37360382991265
1988.0,28.0,1.0,-6.244036909113004
1988.0,33.0,1.0,-6.068777650210652
1988.0,42.0,1.0,-5.6719931521667935
1988.0,47.0,1.0,-5.296918345634329
1988.0,51.0,1.0,-4.937152517336452
1988.0,52.0,1.0,-4.825941553157246
1988.0,53.0,1.0,-4.722490828564634
1988.0,55.0,1.0,-4.5400380910503095
1988.0,57.0,1.0,-4.417280824890673
1988.0,61.0,1.0,-3.997145258844981
1988.0,62.0,1.0,-3.8952642216131914
1988.0,64.0,1.0,-3.7739146033105166
1988.0,65.0,1.0,-3.669037611900397
1988.0,67.0,1.0,-3.52747514557537
1988.0,79.0,1.0,-2.4924873105284537
1988.0,81.0,1.0,-2.294517721916287
1988.0,88.0,1.0,-1.6912446751381913
1988.0,98.0,1.0,-0.9425705408946359
1989.0,0.0,1.0,-4.472826999000378
1989.0,2.0,1.0,-7.507412116454743
1989.0,5.0,1.0,-8.166536319803068
1989.0,7.0,1.0,-8.224523577453418
1989.0,12.0,1.0,-8.028613176597567
1989.0,14.0,1.0,-7.647994067075933
1989.0,15.0,1.0,-7.321756718112588
1989.0,22.0,1.0,-6.4234789904496825
1989.0,24.0,1.0,-6.361369479817595
1989.0,25.0,1.0,-6.359633870472449
1989.0,27.0,1.0,-6.275951728663244
1989.0,29.0,1.0,-6.286104100127262
1989.0,31.0,1.0,-6.157283031802923
1989.0,32.0,1.0,-6.060171745117772
1989.0,39.0,1.0,-5.870663846962278
1989.0,49.0,1.0,-5.191078615878438
1989.0,54.0,1.0,-4.683023625192956
1989.0,79.0,1.0,-2.5262913025707316
1989.0,83.0,1.0,-2.1471295505846637
1989.0,84.0,1.0,-2.0636075633773077
1989.0,91.0,1.0,-1.4955602706884012
1989.0,94.0,1.0,-1.2604091259960222
1989.0,99.0,1.0,-0.8465338190078353
1989.0,100.0,1.0,-0.8243430170060946
1990.0,1.0,1.0,-7.1371684433099425
1990.0,3.0,1.0,-7.809157398362541
1990.0,7.0,1.0,-8.310179022031912
1990.0,10.0,1.0,-8.408338786504155
1990.0,14.0,1.0,-7.571343657300538
1990.0,16.0,1.0,-6.868534565828856
1990.0,19.0,1.0,-6.439628409749262
1990.0,22.0,1.0,-6.367176697066799
1990.0,23.0,1.0,-6.37067728407208
1990.0,24.0,1.0,-6.405768603883351
1990.0,26.0,1.0,-6.341305751468149
1990.0,36.0,1.0,-5.930934047367949
1990.0,42.0,1.0,-5.664754087688722
1990.0,49.0,1.0,-5.199558594524773
1990.0,55.0,1.0,-4.593933554062104
1990.0,57.0,1.0,-4.439655747510518
1990.0,59.0,1.0,-4.2805536657432475
1990.0,65.0,1.0,-3.6972745949023182
1990.0,67.0,1.0,-3.580814598482032
1990.0,71.0,1.0,-3.254891679072571
1990.0,72.0,1.0,-3.1396719304386096
1990.0,73.0,1.0,-3.0426981028347355
1990.0,78.0,1.0,-2.6583461689230945
1990.0,79.0,1.0,-2.554050961312844
1990.0,80.0,1.0,-2.418287794047782
1990.0,82.0,1.0,-2.2579272646996897
1990.0,84.0,1.0,-2.0888456217551297
1990.0,87.0,1.0,-1.8420953273671612
1990.0,92.0,1.0,-1.4248522539870787
1990.0,96.0,1.0,-1.1136599388076762
1990.0,99.0,1.0,-0.9530273329901622
1991.0,8.0,1.0,-8.381788554410035
1991.0,14.0,1.0,-7.571343657300538
1991.0,20.0,1.0,-6.4234789904496825
1991.0,22.0,1.0,-6.375363877301586
1991.0,23.0,1.0,-6.397329735237486
1991.0,25.0,1.0,-6.388366424555659
1991.0,35.0,1.0,-5.987074198806689
1991.0,38.0,1.0,-5.792941610976019
1991.0,39.0,1.0,-5.83651418711016
1991.0,42.0,1.0,-5.648442379623036
1991.0,44.0,1.0,-5.596453896903676
1991.0,48.0,1.0,-5.198291052480912
1991.0,56.0,1.0,-4.525712264653376
1991.0,62.0,1.0,-3.992528320087796
1991.0,74.0,1.0,-2.9922981768197086
1991.0,84.0,1.0,-2.0848481309791365
1991.0,86.0,1.0,-1.9258693148385373
1991.0,91.0,1.0,-1.4969265253100008
1991.0,99.0,1.0,-0.9395260942695439
1992.0,0.0,1.0,-4.6383134045813454
1992.0,2.0,1.0,-7.583062541413751
1992.0,3.0,1.0,-7.854505218341001
1992.0,4.0,1.0,-8.088662810377077
1992.0,9.0,1.0,-8.431015495175185
1992.0,11.0,1.0,-8.390560540482872
1992.0,13.0,1.0,-7.954724334498408
1992.0,16.0,1.0,-6.863738393565363
1992.0,20.0,1.0,-6.477922814425678
1992.0,23.0,1.0,-6.454135128986925
1992.0,25.0,1.0,-6.452230971001236
1992.0,26.0,1.0,-6.402143222269034
1992.0,37.0,1.0,-5.902355372036206
1992.0,38.0,1.0,-5.7568668457486565
1992.0,40.0,1.0,-5.728485087296573
1992.0,43.0,1.0,-5.571176510108179
1992.0,48.0,1.0,-5.214711782693239
1992.0,61.0,1.0,-4.109803437284646
1992.0,62.0,1.0,-4.0060589973547405
1992.0,68.0,1.0,-3.480825175424375
1992.0,70.0,1.0,-3.3605257984531143
1992.0,71.0,1.0,-3.2662557339150102
1992.0,72.0,1.0,-3.194085656060982
1992.0,73.0,1.0,-3.1084755302577642
1992.0,76.0,1.0,-2.8604848541460015
1992.0,77.0,1.0,-2.7591435154870942
1992.0,79.0,1.0,-2.598433754778887
1992.0,93.0,1.0,-1.3249622249448951
1992.0,94.0,1.0,-1.2597780165093142
1993.0,1.0,1.0,-7.233485419071448
1993.0,2.0,1.0,-7.563606674798385
1993.0,11.0,1.0,-8.403864506109235
1993.0,17.0,1.0,-6.67982321093613
1993.0,23.0,1.0,-6.40033544835098
1993.0,28.0,1.0,-6.24971727553576
1993.0,40.0,1.0,-5.708996041709089
1993.0,48.0,1.0,-5.2267411680588145
1993.0,53.0,1.0,-4.8313182463226
1993.0,59.0,1.0,-4.306770750195115
1993.0,65.0,1.0,-3.7558315522532357
1993.0,71.0,1.0,-3.2607400289668997
1993.0,72.0,1.0,-3.197138795225414
1993.0,76.0,1.0,-2.8391559665118944
1993.0,92.0,1.0,-1.3920991765082624
1993.0,96.0,1.0,-1.0586841335032557
1993.0,99.0,1.0,-0.853067137373814
1994.0,10.0,1.0,-8.435613204423815
1994.0,15.0,1.0,-7.2404347173646535
1994.0,18.0,1.0,-6.461788227564643
1994.0,25.0,1.0,-6.481181207663737
1994.0,26.0,1.0,-6.421632267856518
1994.0,28.0,1.0,-6.26748158802926
1994.0,30.0,1.0,-6.193335963146652
1994.0,34.0,1.0,-5.994669678056931
1994.0,36.0,1.0,-5.9178424072373685
1994.0,38.0,1.0,-5.757183251383316
1994.0,40.0,1.0,-5.688105995271194
1994.0,43.0,1.0,-5.531511253715748
1994.0,48.0,1.0,-5.216921728344043
1994.0,51.0,1.0,-5.007290892845866
1994.0,52.0,1.0,-4.912646885768051
1994.0,55.0,1.0,-4.676236634421952
1994.0,56.0,1.0,-4.60817469500839
1994.0,57.0,1.0,-4.509950919407157
1994.0,61.0,1.0,-4.120955513648392
1994.0,63.0,1.0,-3.9651601038412747
1994.0,65.0,1.0,-3.8098726367832128
1994.0,67.0,1.0,-3.619129535925832
1994.0,72.0,1.0,-3.2090492640504653
1994.0,73.0,1.0,-3.1250212493965766
1994.0,76.0,1.0,-2.85774581946923
1994.0,79.0,1.0,-2.61507911849032
1994.0,82.0,1.0,-2.2896096394716556
1994.0,89.0,1.0,-1.6615209923043257
1994.0,90.0,1.0,-1.5614004123976468
1994.0,94.0,1.0,-1.2230061276123427
1994.0,97.0,1.0,-0.9863350487933132
1994.0,98.0,1.0,-0.9289910404523872
1994.0,100.0,1.0,-0.8030580333165896
1995.0,0.0,1.0,-4.758671076973853
1995.0,15.0,1.0,-7.332403206507076
1995.0,21.0,1.0,-6.410014894764802
1995.0,23.0,1.0,-6.448433498083262
1995.0,26.0,1.0,-6.450963543708632
1995.0,27.0,1.0,-6.421632267856518
1995.0,28.0,1.0,-6.321080342932708
1995.0,31.0,1.0,-6.112954444695692
1995.0,36.0,1.0,-5.897245871869
1995.0,37.0,1.0,-5.846844857498039
1995.0,42.0,1.0,-5.553725878449522
1995.0,45.0,1.0,-5.430934891162876
1995.0,47.0,1.0,-5.3069545599437005
1995.0,49.0,1.0,-5.206832676425858
1995.0,54.0,1.0,-4.78849224311563
1995.0,58.0,1.0,-4.424767135016768
1995.0,59.0,1.0,-4.347509272648321
1995.0,60.0,1.0,-4.228378938464535
1995.0,62.0,1.0,-4.044583441012627
1995.0,65.0,1.0,-3.8191248230614154
1995.0,70.0,1.0,-3.365463509711044
1995.0,72.0,1.0,-3.2237878692292212
1995.0,81.0,1.0,-2.3869998441364095
1995.0,82.0,1.0,-2.28209642656673
1995.0,83.0,1.0,-2.197459604953046
1995.0,93.0,1.0,-1.2815560389843157
1995.0,94.0,1.0,-1.2373193376390148
1995.0,100.0,1.0,-0.7790035884196376
1996.0,3.0,1.0,-7.934977571563574
1996.0,15.0,1.0,-7.432003923080268
1996.0,17.0,1.0,-6.817000915713673
1996.0,21.0,1.0,-6.462428637448842
1996.0,25.0,1.0,-6.558507850872202
1996.0,27.0,1.0,-6.547287536804708
1996.0,28.0,1.0,-6.4818341623065905
1996.0,32.0,1.0,-6.222640270119456
1996.0,35.0,1.0,-6.127513391571258
1996.0,37.0,1.0,-5.971269839822463
1996.0,44.0,1.0,-5.544217904984863
1996.0,53.0,1.0,-4.8986020904204794
1996.0,54.0,1.0,-4.8065522455207885
1996.0,62.0,1.0,-4.0364530838063235
1996.0,64.0,1.0,-3.9073340159420145
1996.0,70.0,1.0,-3.380307110770653
1996.0,72.0,1.0,-3.225774566559357
1996.0,73.0,1.0,-3.1666392255326916
1996.0,74.0,1.0,-3.0769857138685843
1996.0,81.0,1.0,-2.391678636188
1996.0,83.0,1.0,-2.196910626623902
1996.0,85.0,1.0,-2.003443927453371
1996.0,96.0,1.0,-1.0428805587244854
1996.0,97.0,1.0,-1.0145018653787699
1997.0,10.0,1.0,-8.600574800355288
1997.0,13.0,1.0,-8.028613176597567
1997.0,15.0,1.0,-7.511061755542293
1997.0,16.0,1.0,-7.095290402828979
1997.0,23.0,1.0,-6.536881615643591
1997.0,28.0,1.0,-6.602478898129405
1997.0,29.0,1.0,-6.577732366040832
1997.0,32.0,1.0,-6.40516346014325
1997.0,35.0,1.0,-6.233281363687813
1997.0,39.0,1.0,-6.0248145267895366
1997.0,41.0,1.0,-5.808809712523907
1997.0,42.0,1.0,-5.774097648571226
1997.0,60.0,1.0,-4.301368731656427
1997.0,63.0,1.0,-4.02485581370249
1997.0,69.0,1.0,-3.504393574490605
1997.0,71.0,1.0,-3.320604056375554
1997.0,76.0,1.0,-2.9208103470367317
1997.0,83.0,1.0,-2.2055945076804173
1997.0,84.0,1.0,-2.1157404474725063
1997.0,92.0,1.0,-1.3929081843104087
1997.0,94.0,1.0,-1.2055073144178876
1998.0,1.0,1.0,-7.459402897268383
1998.0,4.0,1.0,-8.360189442606572
1998.0,7.0,1.0,-8.502304578922487
1998.0,18.0,1.0,-6.649244583830636
1998.0,24.0,1.0,-6.605430929793486
1998.0,30.0,1.0,-6.613594240432647
1998.0,31.0,1.0,-6.532062329207643
1998.0,32.0,1.0,-6.482487543577793
1998.0,33.0,1.0,-6.390152670937122
1998.0,36.0,1.0,-6.234300731767928
1998.0,39.0,1.0,-6.036461913038718
1998.0,47.0,1.0,-5.420259037353279
1998.0,61.0,1.0,-4.207602850007068
1998.0,62.0,1.0,-4.119108677368719
1998.0,63.0,1.0,-4.042815295678169
1998.0,72.0,1.0,-3.245091471686613
1998.0,75.0,1.0,-3.025264076160029
1998.0,81.0,1.0,-2.4233977132107936
1998.0,84.0,1.0,-2.123594076296547
1998.0,86.0,1.0,-1.9334175080585008
1998.0,90.0,1.0,-1.5616005830199404
1998.0,99.0,1.0,-0.8801950889779874
1998.0,100.0,1.0,-0.7450575073781216
1999.0,5.0,1.0,-8.431015495175185
1999.0,8.0,1.0,-8.606024405122852
1999.0,11.0,1.0,-8.512205649905198
1999.0,12.0,1.0,-8.512205649905198
1999.0,14.0,1.0,-7.907427619795343
1999.0,23.0,1.0,-6.609133266492022
1999.0,25.0,1.0,-6.717134919373487
1999.0,26.0,1.0,-6.674265435613783
1999.0,40.0,1.0,-6.0011109241597875
1999.0,45.0,1.0,-5.586532914605962
1999.0,48.0,1.0,-5.328158208559058
1999.0,51.0,1.0,-5.132633450907106
1999.0,55.0,1.0,-4.774417583294774
1999.0,56.0,1.0,-4.684321624293529
1999.0,61.0,1.0,-4.243587305696776
1999.0,62.0,1.0,-4.161382203560768
1999.0,65.0,1.0,-3.8838729620118
1999.0,68.0,1.0,-3.6375781597583856
1999.0,71.0,1.0,-3.353236132376332
1999.0,72.0,1.0,-3.248330382543399
1999.0,73.0,1.0,-3.1855135852617997
1999.0,74.0,1.0,-3.107289728416183
1999.0,79.0,1.0,-2.6431898567552836
1999.0,87.0,1.0,-1.819005288478319
1999.0,93.0,1.0,-1.268553993040422
1999.0,100.0,1.0,-0.7644069051323203
2000.0,0.0,1.0,-4.839121936018905
2000.0,1.0,1.0,-7.482230929824584
2000.0,11.0,1.0,-8.482791764698906
2000.0,13.0,1.0,-8.266434473069054
2000.0,15.0,1.0,-7.621105166859602
2000.0,18.0,1.0,-6.755034191964473
2000.0,31.0,1.0,-6.570569011627267
2000.0,41.0,1.0,-5.8842257964383835
2000.0,44.0,1.0,-5.6287677708507555
2000.0,45.0,1.0,-5.5630644677173215
2000.0,49.0,1.0,-5.2529616648272395
2000.0,51.0,1.0,-5.135348538269897
2000.0,56.0,1.0,-4.709531201312834
2000.0,63.0,1.0,-4.089894478548489
2000.0,73.0,1.0,-3.2159301675796312
2000.0,75.0,1.0,-3.042320862968583
2000.0,82.0,1.0,-2.331149190118799
2000.0,84.0,1.0,-2.13240359609426
2000.0,86.0,1.0,-1.9276410499538337
2000.0,88.0,1.0,-1.743243628396115
2000.0,89.0,1.0,-1.629839619142522
2000.0,91.0,1.0,-1.4561075689907446
2000.0,98.0,1.0,-0.8644053627974206
2000.0,99.0,1.0,-0.8097686411059837
2000.0,100.0,1.0,-0.7052379805836574
