x1,x2,x3,x4,x5,x6,x7,x8,x9
0.4967120910242786,-0.8106710393758432,0.006993070229621989,2.6965694583959556,-0.5701669000766121,-0.7484611837288512,-2.948191042504127,-1.4390505753763538,1.7686706504090743
0.4967120910242786,-0.8106710393758432,0.006993070229621989,2.6965694583959556,-0.5701669000766121,-0.7484611837288512,-2.948191042504127,-1.4390505753763538,1.7686706504090743
0.40628419344288474,-1.026117834181897,0.0019909775783528002,2.589935624614053,-0.6092788999197408,-0.7503954610916681,-2.9352614055257673,-1.4288203866677138,1.7526163870129012
0.3464919200543194,-1.1366693687732534,-0.0030698285858055353,2.5344480580269897,-0.6269272268412875,-0.7481819817370566,-2.9320831714098468,-1.4305762739992716,1.748153669569142
0.2862912750139645,-1.269663379860328,-0.016345875127604152,2.478368000883994,-0.6657117457818795,-0.7696632735616123,-2.930734897327763,-1.4328122679446194,1.742546765640882
0.22614932024171902,-1.4008249977254994,-0.014680311583226318,2.397963960319231,-0.7068981013963453,-0.7725634535297048,-2.9111891072039175,-1.428540330388346,1.7227288177874964
0.1218455284102083,-1.60059996018927,-0.01176943734246088,2.269215950454693,-0.6973330593045444,-0.8066614544023138,-2.9153663717992733,-1.4283868804388171,1.6780339660941097
0.05827780953722746,-1.7573781773157604,0.03876506967508964,2.1803105395961357,-0.7313749972486513,-0.7823148122532558,-2.9211796140100996,-1.4318733164837016,1.610117802166088
-0.16156349334320108,-1.840842156380879,0.15451842490247694,1.840531384844055,-0.7261076233516458,-0.7338968376886421,-2.9015364371285526,-1.4804045574190872,1.3590380430307352
-0.6389548970785232,-0.7490104596576228,0.16220208243941517,-0.06843152878869013,0.34483267302226134,-0.3136527851737496,-2.1883090306882838,-0.6803197186532708,1.4175935289006658
-0.4763134371454652,-0.8167706722475865,-0.04447467711520148,-0.04138434039453234,0.12712674745592373,-0.23145205480737602,-1.9322510168650708,-0.6540542471502965,1.4813985667956187
-0.36629382750158956,-0.6295371547719403,-0.14015316218284202,0.1315277249740647,-0.43995722566687334,-0.11474273056136344,-1.3023015777332003,-0.495062154030104,0.2777234632511982
-0.3488720016152953,-0.6188683898900155,-0.08681573143609579,-0.020439961399286055,-0.44490537753149667,-0.13273558401714108,-1.3581674983246954,-0.5298180108525161,0.23705428877490192
-0.41507049242883487,-0.5063851128370003,-0.08459872461719081,-0.19446952427407554,-0.21159759043008253,-0.05495390375816646,-1.4652986820613043,-0.40286362779657287,0.21245817601739317
-0.41507049242883487,-0.5063851128370003,-0.08459872461719081,-0.19446952427407554,-0.21159759043008253,-0.05495390375816646,-1.4652986820613043,-0.40286362779657287,0.21245817601739317
-0.7548468013652739,0.1170743945345049,-0.4415667434360178,-0.7132818019858699,-0.9386283222560331,0.5690673532006713,-0.1304124733031387,0.012961246968735525,-0.2623444846904772
-0.635195619217386,0.012754101197510956,-0.34258745551446274,-0.6056426968013193,-1.0146601683759937,0.6448801137141075,0.028631025693329155,0.10285297912918501,-0.23468994474193253
-0.6416975418604466,-0.009062973671284377,-0.15285212391341824,-0.6273195968573915,-0.9963469675589455,0.6027451461752831,0.3306996676467574,0.030659742364649578,-0.163212858981394
-0.4145739112786097,-0.1791754245369783,0.09439297040541772,-0.47992015137753863,-1.0472992469609053,0.6966536903293705,0.41225838056449327,-0.010797661757709093,-0.2907478950905961
-0.3938417661858929,-0.17812296198333596,0.08085647035872139,-0.49183833724264286,-1.0721396447687563,0.7135525914313596,0.419239407632749,-0.02314195497550344,-0.284843703043984
-0.22286027940976733,-0.3018187372043726,0.38052104529370645,-0.4493064794630378,-1.0004982609674578,0.6674301004841942,0.44010553245839384,0.15806943497619094,-0.35460779278238225
-0.20931647191316308,-0.27494899196351774,0.34155981755214293,-0.45933180009796587,-1.0004091349953332,0.6569382018623863,0.4941649768643199,0.2431808416890509,-0.3861657251375434
-0.2492285101811185,-0.3296926690790056,0.26243474743534917,-0.419396431599656,-0.8989250772461427,0.891836199492449,0.7146618127867665,0.5570359201490314,-0.03044670906339498
-0.27184578355060957,-0.3225156183776065,0.2250905957027574,-0.41424062996870403,-0.8720116792102798,0.9438346626052871,0.8124855667318873,0.5867994265464261,-0.054109172905262695
-0.1363447506929704,-0.5355919269172843,-0.35003567015011283,-0.29493251708681867,-0.12587343746920476,1.1201285454204974,0.9781045274512893,0.7218938145927055,-0.0028014267941070467
-0.24040768214585992,-0.44118502056750253,-0.3673411041072995,-0.28072738889794335,-0.2635407506733717,-0.8762941723754265,0.9966030431000357,1.2870335444924461,-0.30165958225987943
-0.4149982025022039,-0.4600149024887765,-0.23097295414054844,-0.08289043973635611,-0.1469452231227624,-0.7124306140285774,0.9340173883342808,1.1037885826169866,-0.43656518239570763
-0.35756958082766993,-0.6459979426506077,-0.04034938123573568,0.16203718661155284,0.16748573503533118,-0.7021558280464721,1.0050037192940495,1.325416370064506,-0.6240832423217032
-0.34762805078807546,-0.686440756032838,-0.09086861054865278,0.17554209648734634,0.29248734726535813,-0.2653675519414036,0.9104281616844614,1.4244048172251196,-0.5225838678095203
-0.21090481163656669,-0.5269852878520637,-0.4040728790358655,-0.19473355263336206,-0.05214862081602576,-0.4295306450643084,1.024451325025061,0.8294142753580249,-0.36010959917706664
-0.3052635438224037,-0.5060610362341654,-0.2829196399191532,-0.14079641803944945,-0.0704886270658965,0.18177427443240035,0.9374903342128302,0.7555735389017882,-0.3330028673643376
-0.34653090685162186,-0.5404590082284216,0.08468356934764261,-0.035890504466474356,-0.22142820209860742,0.2853611030607241,0.79883966125347,0.756855668833851,-0.29830626513640734
-0.2689261408265574,-0.5151165189140262,-0.9146668809604602,-0.21050670379705985,0.23532178818779262,-0.64611855357985,1.2913950634007099,1.1993660839406453,-0.23871915498744614
-0.4220089558100717,-0.6329697291695525,-0.19899486960245139,0.14196331702680595,0.249190309794411,-0.27928378492390454,0.9435743407150733,1.1204194465370527,-0.45863986521242756
-0.4271218195938595,-0.6355729535901903,-0.19261619611141445,0.15665281366185116,0.22622944020557859,-0.24989862459581952,0.9482471976713428,1.1043166086732858,-0.4659531001502927
-0.2539524049095591,-0.4414178292814137,-0.32907110991785093,-0.27430149163102563,-0.328814661850233,-0.11222302238698935,1.0601405002954574,0.7600019659095055,-0.19526953735260402
-0.16098575734577905,-0.4273703096296114,-0.5135591738307167,-0.40685974566275646,-0.2437306833437311,0.08889043395627459,1.0926695047005368,0.4513414737863564,-0.2171684315836579
-0.17053491120194456,-0.42131277918227045,-0.5109644279889091,-0.4059544540081656,-0.25195623322988187,0.08615334500630481,1.0986261661815881,0.44225355708330916,-0.22317910111260153
-0.2324983292121506,-0.4690424931731918,-0.03048167569215886,-0.23228347872576463,-0.33039527303345384,0.3427331384933466,0.8899521913065298,0.6243491484413647,-0.3628558513237175
-0.26377039877762687,-0.5119901908877273,-0.03334780715562457,-0.16918826554399302,-0.28121041273962427,0.35285277805598053,0.7805421621972946,0.6052733144202112,-0.25785223573247884
-0.07662085839710314,-0.4777364970651414,-0.21501169170368065,-0.35950236095388,-0.35724409656430467,0.27428225147261176,0.802123588753907,0.606866856403118,-0.2744567300854401
-0.12795175560085642,-0.4582584311836983,-0.22944692424260738,-0.3507498838990761,-0.3500846825191142,0.28376362421824697,0.8182953714841011,0.6133344759726421,-0.2620931213878034
-0.14524493000724387,-0.50603924747772,-0.2971684502525902,-0.30060046337895924,-0.21406228406226294,0.6679326028476326,0.9984867885701032,0.5291470483635407,-0.14060270030653227
-0.1701356796375904,-0.5484066897192507,-0.030520299740880278,-0.20551757867231435,-0.2502714135194658,1.828617499410157,0.8473061517679535,-0.258844915935799,-0.18394490614231065
-0.15537050692881219,-0.2510922950061784,-0.02073824502549612,-0.6260002426477347,-0.9549903808198702,1.2624624310015848,0.7297225543131033,-0.32864569174328884,-0.09399709688055499
-0.14189452895336593,-0.38835418571190666,-0.151207103125775,-0.4385276197416399,-0.5080250773424372,1.0024300486749307,0.8591329773098917,-0.5281224822210508,-0.3478745076624848
-0.2895607079651831,-0.3902863126572713,0.07639071154403883,-0.29018599488971863,-0.5145786017556662,0.8976561197317212,0.7342832268472825,-0.6248143157147139,-0.509221747584645
-0.1517382492536849,-0.39404033367679825,-0.15953476902636568,-0.4222064912644471,-0.5352539393234054,1.031946552465769,0.8717959540282575,-0.6014213704435916,-0.3388849130082909
-0.294966518929996,-0.5156027683773611,-0.7107969705005952,-0.17544042666854565,0.28393433953179587,0.3065194263240075,1.1657227632869478,-0.9406085158711746,-0.7278343721994973
-0.28744032597055863,-0.5352250990479857,-0.7117992146823613,-0.1098092776298813,0.25791377764404294,0.29111171554989734,1.1650010343908914,-0.940823092268183,-0.7442415282629592
-0.39484861966266227,-0.4975027532571074,-0.3153744394395655,-0.028557925656670514,0.06475553900265724,-0.7604837747491819,1.001949628292089,-0.9396022303756961,-1.056118129686968
-0.3421133482010673,-0.4822326873223291,-0.6022478605301917,-0.14906620156886738,0.09680047122325605,-0.4791202867787733,0.9835116512681359,-0.4021213750801389,-0.7182398874906434
-0.4941896054014206,-0.49730759727326723,-0.5743965713715776,0.024106167318413422,0.27482557733757085,-1.3455343476062998,1.0841269386165566,-0.1973035706819581,-1.002928868115745
-0.4221495042418446,-0.5065577682384922,-0.5800284922403697,-7.215786855914452e-5,0.23525828400065135,-1.3752997455514568,1.1553071896070577,-0.25499540812979804,-1.0139880076470082
-0.40246584252786227,-0.5132660722998622,-0.605033639239749,-0.018238532678005057,0.24438456926684857,-1.3636885745374603,1.1304222225030094,-0.23639751686096228,-0.9942069372494807
-0.22434174098384477,-0.40549628937244286,-0.20443271772350788,-0.3168208823686803,-0.39922751667919487,-0.2082476940810481,0.9463418704552072,-0.2051671138319112,-0.6170344359782902
-0.2920822452074007,-0.472139598212587,-0.2332907314076431,-0.1766576288302823,-0.17947908347815486,0.3081456866299132,1.0152745641761185,-0.35366385687322843,-0.5521747947970733
-0.11777984076189066,-0.5331152922203676,-0.4358466112811946,-0.2749147859024425,-0.08411586512921829,0.10490426344823212,1.007722281986594,1.3763369763316353,-0.1340840449993767
-0.2633840752094348,-0.5687923517460615,-0.13311434029337066,-0.0955927191277004,-0.12812616130457083,0.25646673714305457,1.0181457838687569,1.3625940567452186,-0.08371735890211653
-0.2619259904995829,-0.5688091141481953,-0.12656310309749758,-0.09388479072762435,-0.1239577726210946,0.2589467574558051,1.0132018016086943,1.3651201916133204,-0.08158717028722146
-0.10982540356084813,-0.48504666599230856,-0.34156532887953045,-0.3520093737819866,-0.26970684208495316,0.472137899528152,1.0026583314866009,1.4391439786771785,0.05067675520475939
-0.22471052155489418,-0.4955463817112275,-0.09332178732710683,-0.23566829269274558,-0.29098879914434705,0.9188872388552463,0.8293756081278805,0.8552982700350457,-0.06705783151049344
-0.24837934235015408,-0.5548580713192309,0.032732818520161626,-0.132875922947103,-0.24634657581553462,1.2426940976636263,0.8618317201391086,1.0847749621769032,0.04124714678283795
-0.25161154913735156,-0.4810802737941033,-0.6015277013140949,-0.20034844389284448,0.02824531689295429,-1.3678865575100903,1.0530868823827841,1.0200582896010215,-0.5764602315107943
-0.1655554762230207,-0.4898166885784926,-0.16760611880251372,-0.2701658694721667,-0.29580193897560947,-0.2973635776810438,0.8381267261010457,1.7492971639971333,-0.17362949249043852
-0.3213846631901334,-0.4730112177513021,-0.26915542791155234,-0.12737514143495518,-0.10220535246499744,-0.6337744335069705,0.8474869868298316,-0.41449818376164055,-0.8840434107962966
-0.320659288872385,-0.46429370667589365,-0.2054815889631697,-0.11887712055477301,-0.13503731959003032,-0.7976128953635521,0.8605957943836245,-0.4503110104085935,-0.9708828735789609
-0.3639644627982218,-0.5651762839388395,-0.5356007874367807,-0.009482683900141203,0.24129959841886528,-0.38072508350506534,1.1291090447706176,-0.30628908463376947,-0.7375243643888821
-0.36460107605954395,-0.622759169810084,-0.45242054603439824,0.06134570970956617,0.3614518825961946,-0.43319564251905024,1.0690445593791358,0.3526338608281348,-0.6603253576770481
-0.31051991302673926,-0.47869271928517904,-0.1971638517592266,-0.15912038177047835,-0.1967882151340782,-0.351173747651445,0.9204688800470838,0.6681002940939901,-0.42722833792113973
-0.31051991302673926,-0.47869271928517904,-0.1971638517592266,-0.15912038177047835,-0.1967882151340782,-0.351173747651445,0.9204688800470838,0.6681002940939901,-0.42722833792113973
-0.26931424175941165,-0.5581521149919045,-0.30417055355255546,-0.09005622934751087,0.025753694653043415,0.059938783141665376,0.9269697081686631,0.5541584682316298,-0.43660789438444736
-0.39143722923675706,-0.5381093164787272,-0.2577034060979106,-0.044238196108241014,0.019518069781999443,-0.0002053206548717349,1.044865764912685,0.60913576004626,-0.360393305224374
-0.11326869474942532,-0.5707441057133587,-0.33429773804964835,-0.2517167079255137,-0.06182292881497166,0.5456943325235515,1.0712372558423628,0.9926004260098437,-0.09410782671085843
-0.21292372124768286,-0.4254545619526039,-0.03852683648388286,-0.3454940362659464,-0.5709460742584292,0.27564802956371803,0.7929950514518168,2.0843162555331074,0.16465377828459052
-0.2697101346071931,-0.4984067112361371,-0.3362698318971063,-0.1677759005358167,-0.13757710266682185,-0.9176634926869784,1.0616310312286605,0.7927335731006475,-0.4844924989997824
-0.2716232804145206,-0.44461561067074423,-0.5157603973920392,-0.23980362721120652,-0.11489787336799179,-1.0486904011344247,1.024488896008976,0.9088835596784518,-0.48123077265519304
-0.27306262491307953,-0.4997422567900841,-0.38894447638583163,-0.15626547797627782,-0.06211984442031217,-1.114774440745546,1.0717560936460333,0.8858385929101822,-0.5528370537890853
-0.2627768847055475,-0.4999811499562397,-0.37772144761331305,-0.15753672199920793,-0.0655863990767667,-1.109267327215358,1.0821945923851857,0.9000796076298523,-0.5520388125773069
-0.1965880132909234,-0.5043364854365173,-0.684081400229203,-0.28775657120789305,0.018607418009520652,0.14298884695493813,1.0548684817711491,0.6982836084964378,-0.16335720489123998
-0.34357640665348016,-0.5121115730200484,-0.2907704456738478,-0.10181925726443321,-0.11409238393200315,-0.039928949734428405,1.2039190806587912,0.6205011754860837,-0.28253346399605306
-0.38057716617861964,-0.49926468561228293,-0.31162935145659154,-0.09521078812965654,-0.07776112997035745,-0.06593669559357956,1.071173215847719,0.630472056500219,-0.3038465173253145
-0.08923995853800419,-0.3664958614556497,0.011519321204359407,-0.4856967198992816,-0.7232512228568857,0.3400421598251313,0.7622703635072923,0.6578352842987274,-0.20588360560875962
-0.2905622102541218,-0.35029110460407425,0.013967369290361915,-0.3513757920948124,-0.7075037115377283,0.43003368037068146,0.9483813001748728,0.637153242943035,-0.09603751067727208
-0.2082984307182882,-0.5765595021590496,-0.3785193100979227,-0.15147700024666136,0.06873246088292982,0.36254876857151774,0.9187487274391533,1.087612586483681,-0.19459368753540066
-0.16938885211703114,-0.4959936978047488,-0.3879281524685824,-0.2617432743375952,-0.12314562709450771,-0.47295629504741393,0.8402572975586173,1.0524570010036978,-0.40153896374844367
-0.31417205116502034,-0.4717250869040421,-0.30339783238398893,-0.17441827948533953,-0.2236844427494459,-0.35198221299244087,1.0509217363970318,0.8712227495946826,-0.28597881346407816
-0.1289224411054019,-0.4157043323124767,-0.6981587368477643,-0.4325524973063556,-0.16747548606861812,-0.3215366542620905,1.0509074599065555,0.38570063274678795,-0.39457630651255426
-0.19241005935545696,-0.4217277081544621,-0.7430921591718909,-0.37669824668947033,-0.11982038116853788,-0.3133162163119369,1.153665676698487,0.23018193659854216,-0.3528736131650925
-0.2868675020326513,-0.3625652091226334,-0.8013404025935548,-0.4058517440885172,-0.1145721164762416,-0.20483215986148962,1.0890402158133303,0.23210341850759214,-0.3144345214284512
-0.27884810474296096,-0.36732372939166547,-0.8027534253526556,-0.4067152493125924,-0.11169110879362476,-0.2078094131038423,1.0857324100779981,0.23392204601150732,-0.30986008522678055
-0.21022863762090785,-0.4298052476098725,-0.6587569007044474,-0.36830866061331224,-0.11206599180970432,-0.19172968925333125,1.1983989281667178,0.23078786951051264,-0.30843808694909025
-0.14636210051714837,-0.3588509778633064,-0.258734819015052,-0.46293581961814506,-0.5332804397282268,-0.09067097541200778,0.7778134022543625,0.38540992163582877,-0.3656717788598066
-0.31222648114648544,-0.4069081340041757,-0.28132770298011356,-0.24330080588534286,-0.2885815479234528,-0.4805752786103854,0.8913499148454747,0.027465725476084238,-0.60926506636338
-0.20321049235099276,-0.3536951777033759,-0.6149378700433855,-0.4366292212093466,-0.27417060047342284,-1.15312892176317,0.9550909792094976,0.4692524374635063,-0.5943126986447342
-0.32545515903228334,-0.48742098469966866,-0.7458010270046596,-0.16010133389818712,0.12447070452721312,-1.310505094614467,1.1438431682819477,0.6815985670509012,-0.5840139976274132
-0.31643969688352297,-0.5548073794536661,-0.5086224094992593,-0.02333006472973584,0.19064789196731255,-1.175211991948785,1.1473972899274087,0.6808109007400727,-0.7315910279074014
-0.2912296483585532,-0.4507860885010382,-0.5288237010912898,-0.221511344868119,-0.08025275451761359,-1.2108990083199023,1.136883625085491,0.38156171787622456,-0.6296276828446696
-0.25671318875841187,-0.48728492976427507,-0.3646470538206702,-0.16394362624347827,-0.11136907968919219,-1.1543796029764741,1.0273817929556968,0.31064948354265465,-0.7464061956149617
-0.2995367974605651,-0.46261145551093896,-0.34695988442556486,-0.1614853451530928,-0.11174873497433549,-1.1362752997984662,1.1062833527509757,0.3078884489690688,-0.7788212477301468
-0.17361830943573975,-0.5131141460675037,-0.19587743817833797,-0.3120469251004482,-0.24732061468719488,1.9013592310259844,0.7599356685295202,0.543384976797313,0.17521431735784798
-0.18605332803946803,-0.5189733396541444,-0.15801154539463028,-0.2919481781896216,-0.2664656704825184,1.9765575613845061,0.7690766364728152,0.5976982696319038,0.21957949922168807
-0.18646452224542873,-0.3887296859038492,-0.26784926302833434,-0.4353515573234484,-0.4544942459982519,1.004246437841149,0.8363730049257962,0.24039196275376826,-0.12394159573025335
-0.16669315307628613,-0.4622659366667619,-0.11036942364170406,-0.34752165225197695,-0.4002992455231192,1.2205340698385791,0.8648331800758723,-0.04305841878214258,-0.1860546098256309
-0.10890454891614744,-0.4481629433318637,-0.04957609066487148,-0.3826823272712047,-0.5176304509639342,0.49324788017487986,0.9115136688071398,0.6448822703805602,-0.13922364835806864
-0.2549029416435713,-0.5246867414389265,-0.37164710181401145,-0.2082670443666358,-0.04483013490271535,0.5664369659788691,0.9455342462866365,0.6756796264436978,-0.13397106322669472
-0.2933699543426696,-0.6412234296711855,-0.3831894095422488,0.03899201508246278,0.2686739384166166,-1.3978554851708664,0.9661147341408406,1.9234669004593377,-0.4298616392036525
-0.2933699543426696,-0.6412234296711855,-0.3831894095422488,0.03899201508246278,0.2686739384166166,-1.3978554851708664,0.9661147341408406,1.9234669004593377,-0.4298616392036525
-0.41086900896167783,-0.6501089168083106,-0.1812497098344717,0.1578344816100727,0.17753245833948672,-0.37785850427913525,1.0429226902062487,1.8812953200989406,-0.23792042191150034
-0.20648300038182513,-0.5621505552964737,-0.4117469543767847,-0.13512871766708304,0.01371521843329813,-0.8943633091329857,0.945548053833474,1.6241048785759509,-0.367930345931683
-0.23326514176590094,-0.5197151241533277,-0.4536951505197245,-0.1944683259616131,0.010154295154015693,-0.4168561735066339,1.0426831410227189,1.173458925175307,-0.29740068702311845
-0.28094062255232155,-0.5639192569345919,-0.4203911762379067,-0.10420682316386082,0.07395988576910134,-0.07661113699125241,1.1285377286098646,0.9841655187217173,-0.21573632546983118
-0.10090649255534925,-0.45385913241836,-0.18183309118188767,-0.38758162928980067,-0.46689659205614015,-0.1741389306411014,0.825971156630579,2.024105122872179,0.043063083475939797
-0.28390496649639196,-0.6076640547915373,-0.18677896824378967,-0.05493884077292918,-0.031729916256409724,0.3597747939608393,1.0750076637729478,1.8231240517417526,0.10760467717970049
-0.28390496649639196,-0.6076640547915373,-0.18677896824378967,-0.05493884077292918,-0.031729916256409724,0.3597747939608393,1.0750076637729478,1.8231240517417526,0.10760467717970049
-0.2867865187449185,-0.40001536178960034,-0.6665710084321957,-0.264235277447223,-0.006054400563518673,-1.4086997046701706,0.9874340242468194,-0.763976924627638,-1.100663604993813
-0.27968009286242174,-0.3594217494860653,-0.03823093134394119,-0.2936939432763515,-0.5043221926323428,-0.591086976867791,0.8183368966593201,-0.5565070730018162,-0.9186428845369095
-0.27629625536163316,-0.37528825282156436,-0.5203263491732151,-0.34618509957995774,-0.2688002868637717,-0.6261874628882391,1.0289911096741486,-0.13369590974153228,-0.550698219000441
-0.22829699051542438,-0.5809985513129567,-0.23310701599755806,-0.09668894512742177,-0.03853928043089998,-0.11774583982987318,0.921861909666354,1.0640858524261094,-0.2946362363972453
-0.3127318803238341,-0.5526298842050776,-0.10267055590843607,-0.09340192673180887,-0.16498461595778877,1.0325216934647872,0.9931438103964695,0.9096228602149113,0.0007291253354020054
-0.09313619592725923,-0.5465158554181706,-0.2354857632085479,-0.31150853665099815,-0.1845362745634779,1.1515182237558286,0.8257453493121533,1.3451711144904155,0.12755191910703131
-0.11471915361557293,-0.5202201652783046,-0.20449376687996243,-0.34727208997617853,-0.29322508422944066,1.5319117754123892,0.954309841793917,1.3632118905634907,0.311448309421857
-0.07399491425651908,-0.41425474504686954,-0.10112010987937285,-0.4546417303772049,-0.606368748049127,0.2830333035004992,0.825758204064259,1.9733328880116816,0.09083240926371144
-0.23218885376915888,-0.516340651241637,-0.16133409068758386,-0.23876748825033536,-0.27855313127236636,1.2763655511681085,0.9470307363996738,0.822355091453662,0.09464447860750419
-0.08462039068244924,-0.43828320623835865,-0.27237189516584304,-0.422003846227372,-0.3948260169879171,-0.009705525565876996,0.8580535566041674,1.3766937467180778,-0.1402508043189561
-0.29943107004205194,-0.6522954780119153,-0.3974102102103823,-0.01768371106815727,0.20398379190637977,0.924358677648265,1.2012544846516642,1.5203003166352889,0.19990264484359194
-0.2573828675972555,-0.5394969762917369,-0.488374895445309,-0.12947092481550884,0.04882296778007242,-0.9024372777790192,0.9514885477104835,0.8907878030375865,-0.47212597491076524
-0.199099473509157,-0.5208261991953477,-0.5772590581602822,-0.24086625205612752,-0.05745586766146804,-0.18574233024925316,1.2476227495015815,0.9779461057010517,-0.10881435424335112
-0.199099473509157,-0.5208261991953477,-0.5772590581602822,-0.24086625205612752,-0.05745586766146804,-0.18574233024925316,1.2476227495015815,0.9779461057010517,-0.10881435424335112
-0.14562347549697083,-0.5550677975480546,-0.30673227372986944,-0.1930759631767029,-0.04096519724595458,-0.3638272392950029,0.9733858230532378,1.221101472653831,-0.41635897994221943
-0.2894149359928719,-0.5015334815957662,-0.0062037529802777104,-0.1431957593234895,-0.3324486511279088,0.17586175357717565,0.9274258561119847,0.4740549086770101,-0.3169276707032668
-0.006586926327363907,-0.47126767950286463,-0.590837550667836,-0.4565610982495031,-0.1568116406564734,0.09759084106575378,1.0325667582049476,0.8246331219536559,-0.25131264600038045
-0.2783838920543713,-0.5024073165882044,0.10302379164209433,-0.17113660440431194,-0.41159582017483104,1.1100413331315104,0.8254930008208771,1.0932357407112472,0.05644095337006928
-0.14480825170762684,-0.45038660611390535,-0.6203414035133101,-0.3576142035197009,-0.13997701651601066,-0.49779054221293656,0.9719456004860851,1.0216302559386115,-0.32863515732023985
-0.2831434954923263,-0.5406689777451528,-0.15505552060462102,-0.1249867029523396,-0.10040517066584728,0.30847839524983894,0.9729498125368954,0.6185021566034434,-0.3132056539879483
-0.18553401430268268,-0.5651723444370645,-0.35111539877586095,-0.16852120670057852,0.018430121272818383,0.6529909187060463,0.8709311253342962,0.3033685611788973,-0.3413753683389381
-0.18504753505642327,-0.5662109617011654,-0.34716752974166026,-0.1765799729974596,0.00932528331378563,0.6404336817533096,0.8627502424075911,0.2954746579023549,-0.32460709095350193
-0.2286485755033211,-0.5138780729579773,-0.39391797832093345,-0.22276009511554185,-0.15432162716995945,0.749261374025162,1.0747725741914422,0.2595705582828564,-0.12105925546877312
-0.2839657444162901,-0.46308734778068933,-0.0471508454094568,-0.15444972710763943,-0.3112650513823426,-0.7481141498139984,0.73184676919435,1.0034481279757692,-0.6027547138745638
-0.27080159882874155,-0.46973457503642996,-0.01066819302492798,-0.1654313224415845,-0.3079711490441201,-0.8915533409167157,0.7453147970252133,0.9971937006533185,-0.5986909738848454
-0.3087466173893906,-0.5347316811866303,-0.3834837854301041,-0.09717972996658705,0.02758405916020406,-0.6495597628797563,1.088986616457774,0.9992749499408089,-0.4135875295650607
-0.3093213938347642,-0.5373585458628638,-0.3824337197092751,-0.09303577731824918,0.01905763302154869,-0.619715402257882,1.0886610264588874,0.9780697196985931,-0.40528020956845845
-0.14550745472197893,-0.6102116151156318,-0.5902672434933276,-0.1514755353061305,0.21646239950316903,-0.17403342008404674,1.0998115905910069,1.239750665631652,-0.27182269019688654
-0.34062937860956893,-0.42296344513158074,-0.31274816590559734,-0.18546087034786765,-0.2738760676303287,-1.7448974657141432,1.07075439960837,1.603772153849954,-0.49304787432879754
-0.16876857756173141,-0.6330720235036966,-0.3875766835991346,-0.13900059098411358,0.16144820752164718,1.6848576617519648,0.9542387825409423,0.37197261424218825,-0.03881296491807655
-0.17212569919941495,-0.5975324204891613,-0.45401049027828894,-0.16445965029816392,0.1756939813259985,0.8727172633846246,0.9516117629594341,0.2061050519278687,-0.3090174842199169
-0.3242813933363194,-0.5089396597767747,-0.06235447476166547,-0.1335030401059974,-0.2254387136335036,0.8447850601015722,0.9461690928817322,0.6241423363805442,-0.14013686493780633
-0.16544149712484965,-0.5819217966328225,-0.4094793633443295,-0.1770569101333559,0.03743456914032974,0.506391234653771,0.9757140239812113,1.1346485827431692,-0.11100942880406245
-0.15730146030799366,-0.5503122792198775,-0.6619984191848852,-0.2635765257600438,0.10597566638208944,0.46966070119294234,1.095206422887324,1.2729040634970652,-0.02346124390319466
-0.1541455446853223,-0.5527799171195003,-0.6336195101245911,-0.2668339671133853,0.10071644233728948,0.4614356896650821,1.0853771563333954,1.3004817857979762,-0.015278129469631944
-0.2410512453985565,-0.6562508590420446,-0.17385429608420366,-0.022161874281950072,0.1456634880632873,0.9890463122116241,0.9802750702847866,0.9416316860758229,-0.14567688629191947
-0.2747451965252476,-0.6767200944469377,-0.11994411535949782,0.025631326172704968,0.12953087952273476,1.1553767457764292,1.0599884917606546,0.850250690929115,-0.05389449428652989
-0.358784173587106,-0.405464611448698,-0.6279349714413348,-0.2120664642196553,-0.033064189880310936,-1.885231161694236,1.0641962891736272,0.6297073688418847,-0.7241877435907011
-0.31547123896016965,-0.5770982982083488,-0.6340090218527397,-0.048805230003945765,0.3150048660688624,-1.1584107978311982,0.970598425764318,0.9672157862039387,-0.5908329788160319
-0.2886266519973156,-0.5393756228156871,-0.35726724608304106,-0.060894387832308036,0.06857378361325003,-1.4621856997107487,1.1053211474573186,1.0894858396787652,-0.7179481266732353
-0.2851319352430654,-0.6248665165373346,-0.18355810113637697,8.789291312253018e-5,0.04451062270942786,-0.23528808532192969,1.1114034359211697,1.4654843200926932,-0.19479135027204766
-0.3088935706276508,-0.4127630411246388,-0.5712221837813104,-0.24300638141645975,-0.09795297417400928,-1.303173647880315,0.9588415531584735,0.739484215046869,-0.6564837121690608
-0.16263312364224514,-0.41208091051817597,-0.4367944380026198,-0.3550537442556444,-0.3597585131173825,-1.145737970229803,1.1223760546025778,0.7356516405690392,-0.4789142435504602
-0.1654494612702066,-0.41146646317741714,-0.4549918723400151,-0.3582745147983328,-0.35781661556668043,-1.1466107470273816,1.1147091322246296,0.7288774952034194,-0.46090268753221125
-0.20718444538855926,-0.3998249888532696,-0.5524995603625065,-0.3304275374789508,-0.22856746298440742,-1.469777108641092,0.976569806899305,0.8364330524488344,-0.6018351924563333
-0.21175278155626828,-0.41286317841013276,-0.47617614898863997,-0.30154346603990045,-0.20236266560227176,-1.6449920579191784,1.016040835569541,0.8433659925890836,-0.6905797823185233
-0.22537718036099486,-0.44138143557740817,-0.5644783252706691,-0.2805274048079833,-0.10376608632491767,-1.2672537582287595,0.9512846936197197,0.8126202344177197,-0.6033590156653004
-0.33393095074541324,-0.5165918029767431,-0.30071348865217423,-0.07093213550014696,-0.07323223945471352,-1.1980117186775265,1.0982532010502202,1.1577187847672963,-0.5259192361277605
-0.29973680598976327,-0.5107329417459422,-0.5466173221674823,-0.14765819829724186,0.07685711230745777,-0.8998777189839923,1.0401121345007924,0.7606242499566006,-0.5219601795846274
-0.340873140579895,-0.4829089184378657,-0.44317603025269636,-0.13258377440303457,-0.06030297563412034,-0.9390584518658472,1.1562743392831627,0.680646124878544,-0.47988522731267114
-0.35774435538238625,-0.4372646385309817,-0.4380722020560368,-0.14721682419910295,-0.06187301301896007,-1.5876170180698101,0.9539180744661833,0.5819026390823412,-0.8370307257928294
-0.3376072888525607,-0.4490640609480953,-0.45518919133976593,-0.16459020704620733,-0.08549354469955858,-0.8232434158687699,0.9944152795802507,0.34257003920701373,-0.6545745462310817
-0.3366111992621652,-0.5531405775825959,-0.2649190972088198,-0.04665528584489976,0.11394302683315381,-0.08519806375063427,0.8690156005205655,0.013417692226429887,-0.660643100958549
-0.31527331207435494,-0.617315050090054,-0.34636678658353437,0.022024678808777832,0.2451480886126161,-0.33632238062249126,1.0274057162850088,0.43330409582410273,-0.597416145998275
-0.32490621765487415,-0.6209512227546164,-0.283988233473366,0.059372927898835665,0.15876640884855073,-0.49357071363968485,1.0333966522235272,0.5284245075380993,-0.5976766538824589
-0.3164273383125906,-0.6312532000724411,-0.3192515122640233,0.05212315088460003,0.25603292547628403,-0.5249416256198838,0.9824884845093271,0.5517149520092134,-0.645497824374728
-0.31029774092734796,-0.5867805385727383,-0.10207299172187825,0.0046510509701036444,0.05822178777831313,0.05926218060978301,0.754397052303567,0.22392909986390314,-0.6859177167186776
-0.3220913428862001,-0.4319666849744236,-0.1836872324355163,-0.1955596167560394,-0.3089588151421493,-0.5813633186457036,0.8806615413913343,0.6289931931791407,-0.5193661019298341
-0.3306819510913358,-0.44539211064407275,-0.1894765938696453,-0.18559711309635174,-0.26728560838338333,-0.5641213841458323,0.8754400476461431,0.4932548041285015,-0.5039359575375045
-0.14762851474728683,-0.4237623424642042,-0.5100269404751366,-0.42088040772684915,-0.21687728032803427,0.32696109266700885,1.0116574272302379,-0.011966612421438467,-0.3453291456361834
-0.14180209283324263,-0.42744170336057274,-0.49158698855703203,-0.40607745713334364,-0.24449761168626244,0.3084091181141043,0.9936297665434932,-0.038497441164839635,-0.3380227051071854
-0.42279744820726467,-0.5746068229883656,-0.2812000476911368,0.07413620007234029,0.17104836636165147,-0.8196293932717252,1.022105263607965,0.5688121230096159,-0.6546475918823362
-0.25169596324022575,-0.4728923177133542,-0.5999393512326427,-0.2106489540671821,0.012037051207858418,-1.508059936257975,0.9837756160093275,0.8366701296522356,-0.6861344529366077
-0.24257934927692187,-0.5725432554402672,-0.5895158014599481,-0.1731389421627068,0.17617243744829741,0.5331142392147485,1.10949183339308,1.1651063631341558,-0.03730514266475449
-0.2497199362414285,-0.5824882138990062,-0.40636544465674157,-0.12614012349927653,0.05435110283641179,0.5152027098844921,1.199780292012573,1.0647419007103462,-0.058177859506294984
-0.18871099307433306,-0.4831531310606284,-0.3702791329094612,-0.28885736748241514,-0.22391527706216843,0.2820691821002341,0.9611713459434237,0.9262273710573107,-0.11362098709605632
-0.2780627439694999,-0.4731560951142349,-0.11078812724308008,-0.18350223230832335,-0.34133487173814653,-0.5113163407383868,0.9375493010113676,1.2555563116785522,-0.28993718377870037
-0.18270206377097095,-0.6127011362805445,-0.5681582077851572,-0.12146216054062313,0.22934033919686292,-0.15102582568745052,0.9819049338982712,1.5764635164040959,-0.1970692032532548
-0.3548215525401356,-0.4879057402491499,-0.21790121530153644,-0.12918622118902787,-0.14725978559760727,0.22140795626845441,0.9971680237607192,0.4050221177231308,-0.35113460638572097
-0.3548215525401356,-0.4879057402491499,-0.21790121530153644,-0.12918622118902787,-0.14725978559760727,0.22140795626845441,0.9971680237607192,0.4050221177231308,-0.35113460638572097
-0.15392744344033596,-0.46491132599812607,-0.4268061275477375,-0.3431297641270384,-0.13579180943940158,0.5155606931946409,0.8973148190188801,-0.5743895338232683,-0.5448865577327212
-0.3566832396952395,-0.42937263355617533,-0.35129097468045595,-0.15195098752235606,-0.14774257527459547,-0.9623831049046092,0.9696893927919202,-0.21331016202206504,-0.8770070222812392
-0.2744033913154163,-0.5467205117438476,-0.34591132823604415,-0.1097285958249238,0.05752988657250714,0.9099119879862307,1.0848084366108253,-0.6169888266249962,-0.553020749627805
-0.3520519639835646,-0.5263229594298628,-0.34954024741322287,-0.08667840280222934,0.020197234791964516,0.7826406566602497,1.030615890145494,-1.0693803783503322,-0.5806314357658099
-0.25143587490260705,-0.5486778745076678,-0.43826692855107724,-0.09763705689545692,0.04531591867180308,-1.5152289194941353,0.9981904432690812,1.5524699624776606,-0.5093406728882204
-0.11863624561716288,-0.3570937866061575,0.011020086225318623,-0.4563656387640549,-0.7345932406088924,-0.10090352314220315,0.7168403961940565,1.2959585956877528,-0.21628368573354442
-0.2723913554134233,-0.6383241924938765,-0.4956751054648271,-0.04041413450459247,0.23643719558999254,0.861165238154425,1.1971907272670177,0.4985039351704371,-0.12660726209799406
-0.3350744196519393,-0.488795599029362,-0.20382135612017535,-0.13984863606767567,-0.18423242852150032,0.5666261937619885,0.9520197030984331,0.8271648971305932,-0.20362596133531857
-0.3401718178801495,-0.4859441521797068,-0.14615974027407524,-0.1448294276100766,-0.27505334573802936,0.333200968234866,0.8900520012992399,0.8772485360762288,-0.12270359099064825
-0.1521237908349185,-0.5482726092610055,-0.13479418396894613,-0.2147298977730545,-0.14602211307400628,0.33138553646601554,0.9005804888093077,0.8902216002034493,-0.3223874375816574
-0.37553031259985364,-0.49053163500435915,-0.19802184865070085,-0.05813288751563168,-0.21262897781591336,-0.8216237874556717,1.1079899266600066,0.6628570952173388,-0.4629227929216061
-0.4107747010334475,-0.4668399982403234,-0.5677323026554046,-0.12352290996164002,0.0673278508320137,-1.0248927764185887,1.0495680181492357,0.700801602673232,-0.4754753163392443
-0.38766275251401716,-0.5032116454389854,-0.43310822149798833,-0.0352555207348238,0.017947538298893388,-1.0494575530219914,1.1638644481341551,-0.0271581045367914,-0.7746010672061047
-0.42797975278577416,-0.5860845912964604,-0.4062607363401932,0.05015041649328239,0.2630063275829369,-0.2971945424950455,1.0536538814377083,0.39541146549691375,-0.5089706641195496
-0.3446376637652384,-0.5028023755119309,-0.1322915218212282,-0.14179933948078952,-0.13374419358787532,1.0938815425556807,0.8658346905836907,-0.6179678558684204,-0.36690714404020147
-0.3658586996452875,-0.5565329498072776,-0.16812461572912663,-0.020940103175118387,0.017846026993063868,-0.6216881833803001,0.9409303718734677,1.1177158238383673,-0.4289022730731369
-0.3658586996452875,-0.5565329498072776,-0.16812461572912663,-0.020940103175118387,0.017846026993063868,-0.6216881833803001,0.9409303718734677,1.1177158238383673,-0.4289022730731369
-0.381818573472023,-0.5801111433519611,-0.16269564619803822,0.03589374535114637,0.06534319373025402,-0.749073985507326,0.9259401270306087,1.347911972714978,-0.4264995055345831
-0.3817953053487874,-0.6000409356742957,-0.21749973225560135,0.0056270672817766345,0.16735443811708636,2.142997530885727,0.9624914120401168,-1.0819734001741557,-0.356118099872843
-0.16860197908349642,-0.517461330319081,-0.4480714865874206,-0.24871065492898733,-0.016307855328006257,0.7965685537607095,0.9942708270499995,-0.3776054761025762,-0.48383722911706695
-0.298850101055337,-0.5063538835153623,0.03959597833053828,-0.06599210844386752,-0.3264387460755615,-1.4033410676905207,0.9396856051897152,1.4797292177772634,-0.5634953395066661
-0.3568751019196824,-0.5869707050645041,-0.14154571465399146,0.004802175162665436,0.027843504606931226,0.9862389141189832,0.8041719350592712,0.7302007550819537,-0.17157433509590825
-0.2037249370275935,-0.43306415956173955,-0.3661659239530049,-0.3256562303988663,-0.26005894048553285,0.6580042352979585,0.9619484087277123,0.1836945837572756,-0.34437514184329066
-0.2435879433884052,-0.4317964293159759,-0.39516373351703915,-0.329711257479616,-0.25849129078578764,0.5614786307523231,0.9219315937741948,0.11708574804460471,-0.19057027040388352
-0.15897741780606953,-0.4413311471115334,-0.3151680454005022,-0.37070040402580356,-0.26172799719263673,0.5661351299408808,0.9446350217749213,0.3377066262555405,-0.28266017624701806
-0.20242501638553465,-0.5974691757430403,-0.5231968143423052,-0.16692813850938745,0.2168082691588762,0.8211672589347946,0.9286124847127414,0.0806724320190058,-0.2646372547498027
-0.21226160020201063,-0.5967062496692582,-0.520760205496785,-0.16876167127871175,0.240663710789794,0.8244972238994702,0.932193202017388,0.06337745531789235,-0.28059078218510075
-0.19787002152928185,-0.6006411884899523,-0.5638897214641682,-0.13141714597081117,0.20726501473159803,1.2229873337287849,0.9369902568072634,0.14004563491883745,-0.28813900062450737
-0.24747424459884473,-0.5990699471761998,-0.2167749397589459,-0.04999739506584329,-0.057267805811039046,0.13083142576016135,1.014693880073544,1.168445132955129,-0.20242911572380648
-0.39904129947463657,-0.48401137102234215,-0.17559634159282453,-0.10125242114408647,-0.14028704064127945,-0.9141575442065248,0.8820539223837591,1.623007179118139,-0.3199624059300768
-0.24975101550983786,-0.6070271302770438,-0.28001687504427586,-0.057256745079891216,0.11804924239614645,1.1423703542876305,0.9040973217070604,-0.08011457878909911,-0.44179914280042804
-0.32400062685665415,-0.5642903354253098,-0.23048037701615579,-0.05104169262716024,0.011101393732896949,0.9045240522386273,0.925652274411546,0.2110634350049053,-0.2990506991649594
-0.16335806612754156,-0.5400972790428012,-0.22138915615591181,-0.230843135997272,-0.12634036651461086,0.754723375753446,0.9875682042735412,0.207482184307046,-0.26735423299728334
-0.42646812604909307,-0.46793371344763474,-0.27150060909204654,-0.09865396634981763,-0.1412245121368251,0.004202462339964325,1.0164645992749781,0.6163163386528648,-0.30875583392393496
-0.42646812604909307,-0.46793371344763474,-0.27150060909204654,-0.09865396634981763,-0.1412245121368251,0.004202462339964325,1.0164645992749781,0.6163163386528648,-0.30875583392393496
-0.2117311828282086,-0.5774460037039868,-0.3809305160006171,-0.10656600561826751,0.002067422652531685,-1.0897755280880823,1.1208201682890466,1.9855547183324358,-0.25402274483550596
-0.36143737863369757,-0.476925484193089,-0.3561175807597913,-0.14749034603034875,-0.16730185894966848,-0.6741071379313245,1.0500444442912278,1.8861998440104013,-0.07681700606068453
-0.30819398093415407,-0.45413912268434903,-0.2226232996864573,-0.15649213326333558,-0.1792238623405431,-0.7024578161655278,0.9301707712868577,-0.6858799239746991,-0.9526853360873152
-0.3024572583585782,-0.46094777474287135,-0.31080745961499917,-0.15675241913777843,-0.1380001183868802,-1.2014950918110796,0.8979170703118275,0.1850565404238844,-0.8324984667891504
-0.1808632865286319,-0.5542532233607675,-0.22520370340253817,-0.2282317975200318,-0.15860179167123056,1.1744948613945263,1.0031652182260489,1.511678608697523,0.21121578422611254
-0.17790964713669327,-0.464227855520116,-0.15963508142952967,-0.305955439868668,-0.3887362991379347,0.06050769605408583,0.894661562225463,1.1302249153253623,-0.15316890340272174
-0.17790964713669327,-0.464227855520116,-0.15963508142952967,-0.305955439868668,-0.3887362991379347,0.06050769605408583,0.894661562225463,1.1302249153253623,-0.15316890340272174
-0.25762439888481575,-0.5686878890521453,-0.5192168831436277,-0.11479008721850076,0.1323823955075658,-0.15889566683600728,1.1244268533086157,0.8674205837414085,-0.3154995469603273
-0.27390500412044844,-0.46816982619221476,-0.052765374948967124,-0.18900297363240084,-0.32287326085599266,0.11548395246453153,0.8281206287503773,0.40304160649824744,-0.4372323025782906
-0.1571912271883834,-0.5675652442544851,-0.38004472531001743,-0.23969314026648442,-0.0383593576815958,0.6258453005036405,1.0217025731958242,1.5718340710961984,0.12717697955636487
-0.19000309660192397,-0.5886904743917294,-0.3553741111017622,-0.19261669228597217,-0.06712510143817116,0.7763258521562917,1.1676854643874723,1.6511981103308206,0.2986157747812039
-0.19516828158833352,-0.4614208206941055,-0.32098974065050356,-0.31755549501909547,-0.26491049644457865,0.2144849950775841,0.8874243149826133,0.9628179542890258,-0.10065287375933647
-0.23812803923894774,-0.5094516325826836,-0.2634171020127542,-0.24136990241565576,-0.2468140997945784,0.6380217757751078,0.956255691368026,1.4284735310779741,0.11807975315723614
-0.17224153406766107,-0.49213629418375665,-0.1947105990976161,-0.31113340605983536,-0.3198590825475066,1.3112601954499328,0.9334253739140228,1.0959112277829917,0.18129540147800377
-0.04123813083329754,-0.5216738235309986,-0.037188954374538036,-0.39443206379252926,-0.49785121970507334,0.923986488590145,0.7825664894012724,2.8911980415080274,0.5621097956358772
-0.4020353795637443,-0.4752491697174094,-0.3334066188118823,-0.03791972236674521,0.039280328940461406,-1.1373736441699944,0.8913361252458185,-0.8353338588600849,-1.1476678303039338
-0.3510246169540268,-0.5116331316767315,-0.4218278277177716,-0.046714358505678136,0.05451858830419225,-1.5735818855520634,1.080752634513358,0.6404299402607958,-0.8179982149476548
-0.36713840407799897,-0.5570216038140525,-0.6088942566064294,-0.018679504866776345,0.31811377246473943,-0.9657085986511185,1.06683096155909,0.11266887333809648,-0.8045693666272652
-0.25298425674456226,-0.5077743294660438,-0.15036525601609488,-0.16632635982467564,-0.20337868491622219,-0.33758300477962316,1.0087164784857896,1.4297491304398093,-0.26007739689568427
-0.1051863888024048,-0.5287805729611805,-0.03881311762384259,-0.28629069450371936,-0.37154835129274527,1.0563793771638166,0.8300681515545538,0.9185590967350341,-0.008752686160712324
-0.4091782314953005,-0.5169492976930583,-0.6584090966471737,-0.046259396305857,0.2671137396237364,-0.9877298525595747,1.1682167958005636,0.32425417225090397,-0.6930371935521116
-0.41150623747185894,-0.5158872298543671,-0.6551741834836853,-0.038461000182948894,0.26199789267350004,-1.0196419638809608,1.162365197743268,0.32960695446452754,-0.688559174658682
-0.28368688820704696,-0.5688301490012391,-0.5514753689091237,-0.07188259374127977,0.2306555167132541,-0.975915066736807,1.1191008759340129,1.1529244272870753,-0.5304416810412589
-0.24743797834051992,-0.631729003378896,-0.1644979396724725,-0.04860464782222432,0.034160814577909426,0.34579709978392587,1.0224572480277263,2.252674118809387,0.1083102651871992
-0.24103836364664857,-0.4862013907062026,-0.5720032666881664,-0.2204124376132905,0.05870177739520287,-0.4861163705430536,1.1085267635602696,0.027596405328860332,-0.6580772805053722
-0.32022312599231506,-0.4648334900734373,-0.3084629169895115,-0.12757258326225887,-0.12260199677599543,-1.2532172135723618,1.0509687038582258,0.5599331975420684,-0.7693228404956877
-0.32300880080909816,-0.4677767625809127,-0.5094360129438672,-0.20006875648911296,0.020940960787733963,0.26038617515515816,1.0815617165428286,-0.20728888215934094,-0.5000750412412751
-0.29919224229284297,-0.5224046110836377,-0.3198781581487471,-0.10015151846361371,-0.06015221118956665,-1.1730742128371299,0.9391690674104697,1.4761244943570582,-0.42094803011273907
-0.2981344182014556,-0.5201472456204672,-0.2951564070155678,-0.11419241403950114,-0.08298558996977962,-0.8718364282017397,0.9599743107572264,1.482929073052507,-0.36696450090431987
-0.2775889349434382,-0.49079799004705804,-0.43129197730911933,-0.19606805108048175,-0.04669078214548884,0.3200577245705165,1.075498108851474,-0.18304827711988847,-0.43357827724132003
-0.321524586364768,-0.5849497391071299,-0.5386106109808688,-0.018357116200955096,0.25638815070624105,-0.3822733713755252,1.1155272648133385,0.5046006805801577,-0.5596347543556052
-0.1896786264624306,-0.5998077494660042,-0.3643909996676926,-0.14321259736704073,0.15267575035193776,0.5756133382066067,0.9363578633708299,0.6198761066362627,-0.33483652739831987
-0.28038229143097504,-0.5207025253012697,-0.4445128348414211,-0.15438453082615844,-0.0014040292758027558,0.13400594301936028,1.1690431975394946,0.20925183582107626,-0.4083873961329546
-0.24964459573350456,-0.5728030159458788,-0.2773291224649284,-0.10303825953337523,0.0049978111636624694,-0.41094133531985366,0.9683250667720362,1.5299357242290241,-0.28169015379663576
-0.2924103495632015,-0.5877629704852878,-0.2371446319520452,-0.050029609439466174,0.024141630136375734,0.07863995745447948,0.9644304000286714,1.5922767465253092,-0.15523887697318875
-0.24118775181780402,-0.549307007615459,-0.16884065250998448,-0.14035111928203792,-0.15653452830058187,0.1367803668706643,0.9731760176596765,1.9076666250296948,-0.014437204558568374
-0.11096166205021511,-0.49594277025172756,-0.18654713872405504,-0.32635746890235584,-0.31471102025801534,0.7820569168286687,0.9362624083713144,0.9465479669177451,-0.0805484441732814
-0.14579376629689422,-0.4673672804895954,-0.22682037675516004,-0.3425855793739903,-0.39132274314238863,0.8155531721371979,1.0457036594768485,0.8628380749279868,0.050106752587817674
-0.4956435146465037,-0.5574594325547617,-0.39820731576513074,0.10517346580747801,0.2647807308277654,-0.589334577983611,1.077323910038695,-0.1751366699364608,-0.8641978998738563
-0.21730465393147816,-0.4648260818922587,-0.6548801119436638,-0.24062080860031393,0.053746303036505655,-1.5005717809972232,1.0201306630582445,0.48296773750236227,-0.8876761291939897
-0.35262915038867154,-0.4236336366425404,-0.6106100824463514,-0.18473259385426322,-0.043458169037394134,-1.6553920585046158,1.128107005554032,0.6752547385591126,-0.6917095095760594
-0.36461026571189886,-0.4160156031657719,-0.608902412522281,-0.20306298896447286,-0.05603954100726165,-1.803095932828446,1.1645857821241605,0.8421383526636487,-0.6858657628620598
-0.23079687427655368,-0.7081009051547682,-0.284329677946099,0.01914196211558481,0.31203567356514134,1.7913812195382468,0.8992974159526115,0.6037616438910267,-0.005002744987973354
-0.2541147985255142,-0.6860721652318418,-0.18177368510443362,0.02178076852965255,0.21181936536370383,1.3151228934292885,1.0430277006737692,0.9229331737668628,-0.10373076712648079
-0.2675551153554161,-0.5549444208748303,-0.2367744590766717,-0.10533968332073305,-0.12118098413072773,-0.38406565868442344,0.9748216084805994,1.7487438110871913,-0.10794176297368338
-0.31730109160568687,-0.5289137155817821,-0.4779693285955782,-0.12269368189181774,0.06486924012018497,0.29629285057134325,0.9388769157638039,-0.006403370778990135,-0.41119195291394955
-0.331740906540795,-0.3463140527241696,-0.08958132448641115,-0.30856855998403593,-0.6079919622099478,0.03998898362481442,1.0774012313788608,-0.37576998369295844,-0.43933895782363924
-0.19466703619348744,-0.5226515640904953,-0.16701887656018571,-0.1757591626819471,-0.09351808746100804,0.12031839775464463,0.73329311154493,-0.8654236141402257,-0.9020606786177475
-0.42278043383086394,-0.5066475489130671,-0.20707844919733337,-0.024850506745814755,-0.12627912371842445,-0.7658746213272097,1.1139356408610945,1.2422406566179351,-0.287495240160718
-0.3727581428522289,-0.5551253347171135,-0.31162919049444093,-0.04778979636596855,-0.014390935342455037,0.25185150438955634,1.0847102642514024,1.037392354021744,-0.11750689531766045
-0.2879527812092805,-0.5503954459399732,-0.1485099384362076,-0.10347612476543232,-0.17211887978084378,0.4788646764298851,1.176996479232073,1.1782121215878345,-0.02388140853281444
-0.038749194248822866,-0.5483583569712699,-0.23917362630612388,-0.30917949006885176,-0.18237640833446653,0.2673438433926914,0.8704169531729838,1.3706396329135928,-0.1843248457084931
-0.27516766264019005,-0.5253270154029377,-0.45284294293786537,-0.20064977512550572,-0.046616654082840756,0.32169916114733005,1.0931747061198778,1.8237615155813305,0.13266086496381954
-0.18763676451271147,-0.4355563129654186,-0.2430488730394032,-0.34831872530864844,-0.375316212595718,0.5692350184972111,0.7698535551540827,0.46902760050435405,-0.21205087894881114
-0.16324582538267768,-0.5137067516502393,-0.040544143357536554,-0.2755734748545036,-0.3659805647798048,1.142357094917872,0.8968497280852742,1.52199741556012,0.1530979440784786
-0.3380919125315349,-0.5378372691765118,-0.5220139822241199,-0.10717782663906655,0.10442054671078631,-0.17276134770061105,1.1297510945000957,0.6809424028000427,-0.27799837180162124
-0.2817862740204494,-0.6594679384332846,-0.6599684759067066,0.0455032290145269,0.5101068981318941,-0.5731461351839415,1.22638976806628,0.6303172995933952,-0.6433442236126005
-0.2764489724028351,-0.5693093322908535,-0.1228542674903517,-0.07421360823408159,-0.06095280874125901,-0.1751582081820619,0.9753769025085496,1.4357786676529967,-0.2607704810364784
-0.1543786892269557,-0.4086454606525235,-0.257538817341321,-0.4011190191567597,-0.37817532798509096,0.2469217393598204,0.9184609633127061,0.17018124937092088,-0.3935182772575891
-0.3166745197985048,-0.5171874119053881,-0.6865329964175817,-0.12014185449373323,0.1940440275733285,-1.088591248706054,1.236824063566212,0.4991638556409065,-0.600365062452205
-0.207085956660825,-0.5688267444751925,-0.12812909945893958,-0.11924542631161318,-0.07585245580917395,0.345734878361272,0.7437181356600353,0.7102834619676041,-0.39061631403728947
-0.27470450170133986,-0.4875462354442223,-0.1991148721821963,-0.14856730067979582,-0.14973936015481162,-0.2770269998169855,0.8674053398862519,-0.22597414425526458,-0.7734951284827108
-0.35658857770767893,-0.4555431151007253,0.09820867353370599,-0.11028750390722387,-0.34956019089653606,-0.24825071407179483,0.7883505900928621,0.013688763423194056,-0.704446209519287
-0.31725567471471805,-0.5330812505832729,-0.3547835794134954,-0.07602030616980691,0.04863644150009643,0.06760248403685681,1.0057916698499056,-0.2002171486260685,-0.6329265836468293
-0.2867915314867401,-0.4205165276254378,-0.611668134610888,-0.2289152687353012,-0.09796434011995235,-1.7596581815581396,1.1016858131490963,0.1497812655867814,-0.8437239856839215
-0.2235255099145288,-0.4944381678452834,-0.426405420833298,-0.22008277715853786,-0.03307235789312822,0.17578544204293226,0.997611896650529,-0.0817582233867077,-0.5818721800254247
-0.20413669914880445,-0.4579044437808275,-0.3445868150696923,-0.28799905321988956,-0.20878258443047312,-0.06762012558618423,1.0373008800850185,0.36980659220795276,-0.44013029960230776
-0.24007630705893107,-0.4659716628160793,-0.34117826785213,-0.24743440104684716,-0.20041756491166612,-0.21844583833717468,0.9264105892789826,0.27846351916435685,-0.4441708952900712
-0.2892618939718622,-0.4123135312916381,-0.24274446467822292,-0.2872375136297277,-0.2890145641781581,0.2579714553123684,0.9019970898731433,0.08654278514703184,-0.4823224283882682
-0.26930349868086245,-0.5344750158938808,0.015049340834993409,-0.13751189780008502,-0.3270748456439425,0.3245137273999943,0.801699995343701,1.726292840684097,0.07417108368314841
-0.12126145584698028,-0.3565274722770556,-0.5599618543689706,-0.5251856807471328,-0.377719496040216,0.157666073551069,0.990609608716906,0.37485016145571787,-0.21608949280470383
-0.48019903166995725,-0.7272282352928986,-0.10202685423966934,0.32314974402546537,0.3567087017284441,-0.9824238541537008,1.0873237195607344,1.8838597590635404,-0.392533653767059
-0.4267449259330683,-0.7402644069489915,-0.06154408338680634,0.32119353356870234,0.4048226586226918,-0.6817390712391526,1.069537976119983,1.4078172433795983,-0.5807345036707717
-0.43393196152429525,-0.6777800255154753,-0.26308670466246664,0.17561396716750266,0.35021586156264256,0.5607446143621437,1.0481158447975931,0.6996510632686683,-0.28062107563240524
-0.530516374117047,-0.6254897587465157,-0.14466443789258038,0.2246039342388787,0.2246403952794071,-0.5652207213511753,0.9776429478807164,1.3211731593977927,-0.41764351312128456
-0.18465770515768837,-0.6154566934244956,-0.17033653690251144,-0.04777542263844227,0.05898487292830721,-1.4067947854425535,0.8551993144327893,2.0069587619959917,-0.5518929552398019
-0.31592000315926383,-0.6390059000666743,-0.7046715914603074,-0.04239985161254537,0.3779490081792769,1.29770266696005,1.2472430478270642,0.6511077303722869,0.12951126646445213
-0.07798228989933396,-0.6162401412511272,-0.6272211039990849,-0.22471212306742028,0.23875314560036537,1.0350672446269045,1.0156637903456625,-0.060225803121395985,-0.33419955605691626
-0.1914008150951872,-0.5132833667357116,-0.5518540898380228,-0.2421015636768952,-0.0015881906220121776,-0.5833149424823928,1.0425468073676778,1.192483176177725,-0.3182639612850185
-0.14295300815422368,-0.4678121687775174,-0.46348103081752906,-0.31807022454615835,-0.18105887006232965,-0.7460979917080203,0.976119599170427,1.0400580957005467,-0.4123465953586548
-0.1792804813193686,-0.48530274494999365,-0.5195304914941845,-0.27731392763726,-0.08187675265039449,-0.7542103777856737,0.8849615466294197,1.341105207779147,-0.3424487327367244
-0.25436833661554364,-0.4577432248003624,-0.23048507897641066,-0.22629726491293825,-0.255787049680018,-0.2963076908581163,0.9429068345188898,0.5462620448585451,-0.4680191362347913
-0.25148398983162945,-0.4526140925130744,-0.3712353657408355,-0.25874045257401107,-0.19566659148352974,-0.20825266686985114,0.974406865950663,0.7111714009744015,-0.35939448417915787
-0.1852499326297732,-0.4682337216628463,-0.32995926000398235,-0.3038582164758193,-0.24342602369098537,-0.07241788478677423,1.001904518028792,0.8014943374729627,-0.23125050023082525
-0.16757566782994343,-0.38254045664576225,-0.056559460084535454,-0.40501401527535225,-0.5954954180915882,0.6136521377706055,0.6618342159199205,0.7029737878903015,-0.20029445584641442
-0.2524738464421047,-0.48873548506127124,-0.5736804629574812,-0.2673082718806064,-0.10446672563187853,-0.0006753025084438556,1.1174903526908584,1.602900158792424,0.1574612749859
-0.22883385308609155,-0.4807284624064127,-0.4520240018591202,-0.2978371699475196,-0.1870614100701553,-0.05465137338622278,1.1140196819540455,1.7351575024393011,0.1020327511414649
-0.12358152667654618,-0.5604042518646534,-0.5647127124299388,-0.2588245990114337,0.045735091525348937,-0.5721446661784453,1.0368394610041187,2.1467516495427086,-0.06177151884571415
-0.1651574950650074,-0.4561093158482284,-0.4086295450358909,-0.31948535577361575,-0.1796398664379134,0.13212024262840888,0.9391626106965175,0.335350564947619,-0.4380567931852862
-0.3068574744977115,-0.48424620352892866,-0.14287474655483143,-0.17755550810614187,-0.2738258790752889,0.41498650413753285,1.0168489460027836,0.25206277523087883,-0.26610219857015965
-0.2463978519588097,-0.5409033936581172,0.04359995957150326,-0.11752250598419818,-0.20319043656318977,0.3928873321653102,0.6189564523158638,0.5387531884062855,-0.42660170048448326
-0.05203003124952012,-0.4804249786644043,-0.6620570061937874,-0.3982075679642822,-0.10504947987732055,-1.2823837443152943,1.1771225444779039,1.8562225334621008,-0.2704288703588282
-0.09758786855263017,-0.49240173410201077,-0.7735574496872,-0.3684558067264331,-0.026048366055730673,-0.9698867641488561,1.122044047549928,1.406236409075746,-0.20177449280549212
-0.13807822448506615,-0.5164024750902055,-0.4797592446712937,-0.33070209657769134,-0.03789075539247381,2.224972902613435,1.0183875548142955,-0.4194289239042133,-0.0772083717924438
-0.3030696804266069,-0.503118742001019,-0.0613639268410597,-0.12376814368190785,-0.22497366208899566,-0.5478111040479023,0.9595875277616168,1.448868207059451,-0.34394664267306546
-0.22147431865738562,-0.49161574081271264,-0.46770010616744284,-0.26513890289925907,-0.13368182675997167,0.5357693662276429,1.0097800588680812,0.6340168848610845,-0.07837364660084116
-0.13056884750873707,-0.510265198422831,-0.276476120042279,-0.3212582286555975,-0.2161463777150138,1.2022707698491857,1.0238891582778271,0.8270421522681378,0.023025002629181137
-0.21571823314538094,-0.4910003588227131,-0.26932407637677486,-0.26474818264485667,-0.27581411230713915,0.5210291333175328,0.944428323463021,1.0038098344535018,-0.008062979756387579
-0.36764287675340995,-0.6291654959174903,-0.6254156250342594,0.11017793341239024,0.4522700423369128,-1.348941639645069,1.1423411878952354,0.17546856646423184,-0.8983805702593434
-0.009119260044379553,-0.42778328532125093,-0.040093946839834756,-0.5184341424301518,-0.70364165848388,0.9894728983627944,0.8055245300750433,1.6222315696360794,0.28235997591180817
-0.00069155043495917,-0.42271335868077026,0.0021047260474216928,-0.531546197062157,-0.6989043267460692,1.0078283432771167,0.7885823771781642,1.7652497120985402,0.25055137342677053
-0.39259919881858885,-0.49288677365763073,-0.39499992196851524,-0.056976419408387546,0.050042027392895365,-1.1782127453895306,1.060574790590083,0.47185407155064196,-0.7613717508847622
-0.272201659820305,-0.6080729396907717,-0.7176276096954141,-0.058721951943036615,0.35212705344481293,-0.3259814760808304,1.170910364351519,0.6585320021305825,-0.40298399469008933
-0.26987045890433825,-0.5527624564578071,-0.6290936229275994,-0.10700182789082444,0.2145255571090532,-0.7715776562035442,1.186548177124677,0.8467078791465007,-0.5411307822095123
-0.2813710541340624,-0.5231170958396008,-0.7211705562569208,-0.12760968056839417,0.1596101859453306,-1.626462377269276,1.1837150231335425,1.5048161569076748,-0.4843442701796423
-0.1864549539758194,-0.5986172348645392,-0.5788862784624333,-0.1759612423040094,0.1581753205641395,0.3974403570714087,1.1141651314566843,1.6379298680155223,0.08716513406074887
-0.36903655097562005,-0.535649246455294,-0.3655079122763209,-0.049859695765570346,-0.033773054064732744,-0.46225647535187486,1.159132695052416,1.4115884511314944,-0.1940259602889011
-0.3630992160641394,-0.5265763603163749,-0.09359474568933217,-0.08345435089601434,-0.1960580623403305,0.2976141234460748,1.0320951771887543,1.2112469023222059,-0.09589131368335695
-0.08731911139841597,-0.6051188119143946,-0.251895412706318,-0.2293358958818989,-0.08360107641559347,0.7796332269293705,0.8317027822420302,1.822914472092175,0.11064659701590884
-0.2635001538735521,-0.40607009503022873,-0.12897211612912368,-0.29845285093085805,-0.5155302379865934,-0.22647341999053736,1.0121464129551996,1.0991974877510278,-0.16669081721620163
-0.21192410776937878,-0.42116362186285544,-0.07049899331054907,-0.32748924155472864,-0.5566104878440336,0.13510071412270003,0.9940741410336925,1.1622281450834024,-0.08064676307894195
-0.2246075511282167,-0.5162250996452169,-0.3313346168132484,-0.1895836602874806,-0.04619839520279226,-0.20119340148711917,0.8691551281717541,0.9735489521867047,-0.3989750058216733
-0.3449311379598424,-0.45606340940910706,-0.35144075635919425,-0.18943806188731063,-0.16482662489887817,-0.5438619998614576,1.0679857254850942,1.037100005232882,-0.2767755168846962
-0.03790796893809026,-0.3456499693463215,-0.3610870086570791,-0.5746723583530166,-0.579121422868318,0.1666426862158228,0.9910920901752174,0.03379022602744929,-0.38321362786363844
-0.028207079266892306,-0.3239756326007666,-0.38022572366672136,-0.6134089919202448,-0.5937985251404164,0.18952506327311902,0.9738625577533664,0.09440923471081818,-0.36970182947399377
-0.24100987643014535,-0.4365009623440064,-0.44142757802432564,-0.32602489951372915,-0.1769946384280282,1.2635799358674327,0.9188742996025139,-0.7363869005149071,-0.36234396950728154
-0.1970588299528606,-0.4662365455506805,-0.14066864255640193,-0.2621788246430944,-0.32147184983745564,0.5896016973345027,0.9714099214869333,-0.5002179845546865,-0.5585839962194449
-0.1824902058751244,-0.4422502726959328,-0.5261469001316377,-0.35109252643375416,-0.1813851442420629,-0.25365996886394965,0.9103340025510447,0.5637146379130782,-0.29424233432102004
-0.12795293313848372,-0.539118284375884,-0.6505292891056786,-0.24712505762909057,0.11640653968531872,-0.014437617438742598,1.1073605862895668,0.023527476218000762,-0.5642097338387791
-0.2949735695737133,-0.4005491181663289,-0.4486213104641498,-0.2772104761497725,-0.21089306896879975,-0.49732285563403233,1.003738986415525,-0.5233236311084465,-0.7095620775640229
-0.3122775473151237,-0.5394266472413123,0.12160903938027835,-0.05111365549214072,-0.218745079864677,0.41477392480960373,0.7552965519375505,0.3731777859370978,-0.49431564089103197
-0.23464243971594165,-0.5225745578390987,-0.22236033570360808,-0.2262034406968559,-0.16440439623925496,1.318424615414342,0.9477580686575455,0.401090201935299,-0.009469467695594558
-0.12679159361005377,-0.5075998289686144,-0.4495653640272246,-0.31272716643816895,-0.05950780793988199,0.3913616712012121,0.9233686862015368,0.0013691174824402498,-0.4462609038613801
-0.288296813158438,-0.3832252520138705,-0.24635420191543614,-0.3271211373656296,-0.42484290256775026,-1.0644899322985775,0.9240358837115402,1.3384207387361298,-0.2910722757993582
-0.19181251337007904,-0.5957039730388842,-0.21292274540626835,-0.14761529699225595,0.027183877915561542,0.610253995645696,1.018036694328181,1.2466060751767236,-0.12573431073140345
-0.2471316672402857,-0.4869006885316862,-0.43627675398464705,-0.20677279481481392,-0.09402045361234469,-0.38424241530280684,0.9089528671296117,1.393753289426404,-0.30364007628573114
-0.24939678248807742,-0.5133355264107301,-0.1303063059642602,-0.1530002316735564,-0.22606410353978443,0.3188990297104448,0.9016451180442857,0.2764096453530645,-0.43930939137426683
-0.2945180483897451,-0.47616646874821217,-0.3906072066598133,-0.19262739813843974,-0.12247602341378201,0.37085655605170903,0.9638663446741101,-0.10067321528196312,-0.45586497489429334
-0.15434482438987931,-0.560093814862774,-0.1422193436567952,-0.22335088967254257,-0.21798722681337485,0.9471715501457236,0.8894804940142507,1.4125977400446679,0.07163838757013961
-0.08488867853465089,-0.5649307872217464,-0.14595925571963259,-0.24248412668729596,-0.2007137193784283,0.5975631796906222,0.8604807684535053,1.5348116815618313,-0.027402618645668946
-0.252040012654491,-0.5446503530850992,0.053575150923012176,-0.21244220328056246,-0.30912777851892137,2.600919372201073,0.8142419748852859,1.0960781940630981,0.5039120756989612
-0.04373517011246776,-0.5331076522472955,-0.19143347872759148,-0.35581344129715925,-0.3334508477838795,0.9168675023153894,0.978894772333034,1.999441260062079,0.31611597258523494
-0.24775066747552657,-0.5209689685665337,-0.43651193868755406,-0.19667383116367942,-0.07892766878418135,-0.26001020791510016,1.111757797326217,1.279225848985364,-0.14782102541427095
-0.29707518425637697,-0.5753223616042799,-0.384282551243446,-0.0686979063172647,0.14876476001027428,-0.07729385527131649,0.9352096323022663,0.7547124775869225,-0.44572642367556875
-0.24003284082705267,-0.5158484155005302,-0.6185553698926576,-0.2434019534295145,0.006395006473299998,-0.092433227013196,1.1492656492413873,1.61174103982737,0.028083105911463957
-0.23517018722364244,-0.5410073921258177,-0.4614787608014367,-0.1599576931816834,0.008502241637045792,-0.17430495923542974,1.1219356458821708,1.0858341987957019,-0.24648519285961226
-0.22517427458426229,-0.5563010918052664,-0.40556943441693716,-0.16872756363649127,0.005119780785356994,-0.015545073104377256,1.1213916100710661,0.8818494559166485,-0.22839352346856467
-0.371886706294658,-0.4822732240442801,-0.18906538715618804,-0.09769928680173176,-0.13648896973915087,-0.24779083195981075,1.0279475728315821,0.48826483236061324,-0.4877616831765746
-0.30618741374029373,-0.5375109740472792,-0.4004220207424741,-0.08364067113848211,0.06587565470501916,-0.47169728931987376,1.0322300977311378,0.87433860874784,-0.4711954191061361
-0.2904719709533635,-0.5764663652418579,-0.9761916876260575,-0.12215553712677762,0.43229341439916824,-0.11717344025650275,1.2846842399612612,0.510509485722246,-0.2689668006593244
-0.31265641139834893,-0.4772403656423951,-0.06372461104247562,-0.14412511209339143,-0.31270158891975114,-0.2152454021949315,0.8293794555767415,1.1885582053927992,-0.3166863067073235
-0.33060993581877646,-0.5756212555167355,-0.7471479529642306,-0.011453131247136369,0.35714974084316936,-1.2750883154817048,1.2548424953834636,0.454075309408529,-0.7507136902356277
-0.24731118811140007,-0.5267134198437451,-0.13221030310742984,-0.15851089085475048,-0.1411361820096851,0.8181366565331698,0.8000046982220229,0.38569810660344606,-0.33171965191986413
-0.23605992039809331,-0.5038727731772196,-0.07917416247059439,-0.17085230976726873,-0.16755505562155898,0.1698707267083019,0.7513708234928718,-0.025050865921580723,-0.6625603367169529
-0.27493596605222015,-0.4173639328565287,-0.273715631796915,-0.2539046076649842,-0.25009016452757943,-0.7846770106507005,0.8984513521760962,0.23745887571256893,-0.6974020175833663
-0.08687590256133301,-0.388768599994859,-0.05480717774930448,-0.5282898009634873,-0.7102517963552831,1.4171339968131904,0.8525706315845472,0.7684914608797724,0.2422060621511867
-0.31765758763450913,-0.5477089635603473,-0.4374836047085295,-0.07951265776135903,0.04701175925600214,-0.9436892208706158,1.0632849268272553,1.5794157991659028,-0.3023629268508355
-0.32377346902191556,-0.7198914170957105,-0.7343596481073268,0.11844059165207307,0.7156153799990125,0.24631306769336372,1.2135827363066563,0.45858994309123174,-0.4540543713120311
-0.3939917789970441,-0.49180028996950914,-0.4489620545656281,-0.024920263054953335,0.10650854733519584,-1.4488439567073086,1.0741201197147134,-0.35405993377705436,-1.0800623884373863
-0.40367792739724334,-0.46564618595600227,-0.28336439519172213,-0.05795500701954111,-0.06779455648061929,-0.7989783741037679,0.9208127114592355,-0.20070390086297815,-0.8472899955976784
-0.4169258639472436,-0.4466031427971581,-0.23758593175434725,-0.0914420759765169,-0.09128830523403726,0.04306995952647746,0.936746654851541,-0.7635869271909419,-0.8233908439204648
-0.2753149640883201,-0.4452697291439374,-0.29967891884348263,-0.22277304341655582,-0.2261990915681173,-0.3817893551984187,1.0378284724659772,0.12092200023938969,-0.5444118140367485
-0.2600242693189037,-0.4824199402909835,-0.4219223089080574,-0.15833283631060172,-0.024662988943148563,-1.3449038535851907,0.8976259275870409,0.6015473009254099,-0.8124315216850414
-0.20196550920672707,-0.57061774402706,-0.16048587665497524,-0.16908591367357115,-0.12033370099872345,0.9246631241920044,0.888261165852882,1.138354691915337,0.011901303265338833
-0.15949590870538632,-0.5942110448080676,-0.17565711368053158,-0.14985866561523709,-0.08057481924592796,0.3574620165537977,0.7943567751587722,1.437074594077662,-0.13699318543234892
-0.22591337069551556,-0.47523150633814404,-0.4990767630522345,-0.2874905429774643,-0.09900989643303593,0.44867104135262104,1.0265262113477516,0.05119510152530553,-0.30171693036464287
-0.2948300817459031,-0.40859850132349,-0.13616590353290323,-0.2461229007420314,-0.4220615124540994,-0.8608691580411889,0.9481321253675937,0.8736950074273496,-0.43597887876628927
-0.3068867048435914,-0.5033594007882448,-0.11554458841623041,-0.1543339343155952,-0.29360830231141183,-0.5099284001636317,0.9850363462852205,2.153527960092703,0.00784907867748957
-0.17041662616054973,-0.5319864432831412,-0.1956256797388364,-0.24074467758808013,-0.16368508732302947,1.4738299626854299,0.8368069653536029,0.25446784884638324,-0.1361231734754974
-0.18914334215288547,-0.5148560977101575,-0.3281324827846276,-0.24530343873491778,-0.153110442362644,1.1995844874503139,0.8714484251822224,0.26446030798060205,-0.19760838949919673
-0.2309372967621369,-0.5568588264638058,-0.29228981570163276,-0.12728675638602355,-0.07185308417325913,0.63007533102495,1.0277590705674682,0.6232203249390222,-0.2288779741220566
-0.23647544765229828,-0.5646934769939588,-0.24328720206039411,-0.13014638862852754,-0.06760476653689378,1.1188421931466743,1.0132077526012824,0.5634591062600427,-0.1361514446934036
-0.2806686235535314,-0.475344237564921,-0.26365709422109157,-0.14458183401404845,-0.18932360613057123,-1.636109974767301,0.8443986162896242,1.494253206373353,-0.6165559565180635
-0.2845754665714464,-0.45973166391094383,-0.24612751081410508,-0.18503912128104497,-0.26151200757289167,-1.4098126220115104,0.9855277560157136,1.101225254515538,-0.4990531909186409
-0.29169827783698243,-0.4454476871768956,-0.2610080736474658,-0.18636714464347873,-0.25602320940166584,-1.272514024353299,0.9960867906339012,1.3357551258995974,-0.49962137949489643
-0.28058691449956685,-0.5194868416679086,-0.19205173871678394,-0.0997035306366042,-0.1305206198798293,-0.9169849117245694,0.9851720920582081,1.07890530590259,-0.5210133532140745
-0.24203843928962662,-0.5584932654938692,-0.21329504111942912,-0.06533921304748176,0.0081906776337198,-1.3218762164169764,0.8169786181809161,1.3030979718089737,-0.7105664879794151
-0.27504379012856023,-0.48791648907353496,-0.0467286682387395,-0.14488428879676463,-0.2655376012707385,-0.4722377795947517,0.8008987719457015,0.9583117737748428,-0.5040489859224957
-0.15827593736623852,-0.4489381403532756,-0.6081355765574348,-0.38916908373374093,-0.1863399049592968,0.41524798223287723,1.1287165180770882,0.41918769727219835,-0.10652196096413626
-0.3852941703435477,-0.4909247424321159,-0.160107428648411,-0.038123779144532896,-0.03714811422941605,-1.1728889136221996,0.7618518358796903,0.1988719679808108,-0.9423132903968523
-0.13023194598192644,-0.606574205324589,-0.7641870508248045,-0.140035071905442,0.3414937477984085,-1.1419237874405128,1.0876723578632883,1.1390042469251698,-0.6008090410761289
-0.22902248480242302,-0.5713239193304052,-0.7650998011241036,-0.1515334832585527,0.3222646613600037,-0.5757783199459834,1.053638540211926,0.8253132225348008,-0.448718104299576
-0.21033992223820858,-0.6432666931488298,-0.5357535127997712,-0.041419201520314454,0.30036634782169513,-0.6284903420253047,1.0758463396170652,0.7968385027312711,-0.4932413684843937
-0.413039707968454,-0.5476211854831337,-0.5417510565235152,0.019985643700196103,0.23416071794171547,-0.7128659877485028,1.1341696297398898,0.7277633198352743,-0.6110699129377041
-0.33317641870812026,-0.45946033723492197,-0.4505145951406111,-0.16197472343145616,-0.007144279555939401,-0.33640994650240297,0.885535505899725,-1.1243236094131486,-0.9034875615640562
-0.42270925152842165,-0.5669344575288857,-0.26413323830637814,0.03544977709405908,0.049504660047826464,-0.6040768886571994,0.9784462032653243,1.0613897947551094,-0.3255943217261088
-0.35669567352963527,-0.5090339115309297,-0.33411026734981353,-0.07274884120829565,0.0026756265475560794,-0.5527610216094557,1.1983339584208048,0.5880750505686039,-0.5807606432823024
-0.16757962261272494,-0.5149809041227145,-0.3186402708866372,-0.2611672171759135,-0.20193358932136204,-0.06201656841723399,0.8006409657844769,1.5201020753957444,-0.044942409256691726
-0.07255973473848784,-0.5504791184987058,-0.02880825898863497,-0.2661840513561761,-0.28575736876410146,0.4615485892258608,0.8808745675832532,1.8961498205361769,-0.07182804883101652
-0.16671550150625314,-0.4752801260501406,-0.26029829736808036,-0.3104659700960845,-0.15682006604982562,0.14887719761799484,0.6713106990534204,0.7411265089697439,-0.42165809937267107
-0.299005258667166,-0.4700917791785568,0.2976268612948817,-0.19827125634893528,-0.5571591036785073,1.7124718563326649,0.7881568570015979,1.0781624246348218,0.16909802286934753
-0.30689696726317617,-0.492425975266483,0.4025626827851647,-0.13010968206543325,-0.5258986373737763,1.17682182027483,0.7685540052779879,0.9596304140417052,-0.076830721006111
-0.12399000381184117,-0.43148678150313136,-0.3513306605421867,-0.4041039083806398,-0.3521458661150603,0.5204187997751176,0.9776231410062541,0.8679096731581111,-0.11822524963914269
-0.3111928948186907,-0.4270042965570036,-0.3837502058595701,-0.20078221797516554,-0.13652291651747847,-0.9590979035111545,0.9865959402275691,-0.2157754669600516,-0.8702859702611638
-0.2641172766575721,-0.44449630936398477,-0.3355424858601034,-0.18041282413894164,-0.17889257777259862,-1.7456333675953104,0.8800099489812111,0.5249425364631721,-0.9053168928100543
-0.3470270117138777,-0.46572998963723916,-0.5551596897911465,-0.16364417892416183,0.04773708500731587,-0.43461016226850774,1.095229766036309,-0.6923251656636451,-0.7395576750521216
-0.19841420813905075,-0.5275494210153383,0.015260156493511345,-0.22002967466403656,-0.3960836339623547,0.7180846032210898,0.9335435185706086,2.175418957135957,0.2765219322908466
-0.33685117077977655,-0.4232138976159222,-0.5829954551069942,-0.2037978541544447,-0.018068781814559474,-0.6221300002888023,1.109745945620222,-0.9660901711574068,-0.9316537753869157
-0.39807220452401826,-0.5711689855970571,-0.2905636524173636,0.036616986114048795,0.11872054433935877,-0.47557551458154257,0.9552345767085231,0.6940767952417262,-0.5094640178096421
-0.3932583951878685,-0.5744309749502734,-0.329844133565818,0.03209110684897179,0.2138976060801421,-0.4293412071487296,0.9097745681635611,0.7683707598335475,-0.5844930612538743
-0.38519773940366775,-0.5260895436218649,-0.4277879547107333,-0.0483967863427245,0.11472098566945625,-0.14084432383920195,1.0344955201412538,0.42139449541707075,-0.5182665066584433
-0.3326378373795198,-0.5530239452585985,-0.2434239747507229,-0.0752202337781373,-0.011706711234214762,0.9449243672400586,1.1178343978779295,-0.5025619325103861,-0.3632208177069205
-0.34115738805735346,-0.5321179288967709,-0.2110491787946045,-0.11986902130845832,-0.03985276494400475,1.4737643874452249,0.9173710387025917,-0.15396889167798478,-0.20612430352168987
-0.08633070839490019,-0.5079886848325048,0.13248982641135704,-0.32066579566227604,-0.5435991961856214,0.8928379640622166,0.8387060836423265,1.45529923772482,0.08231143826504728
-0.13183262121545486,-0.47565583139200523,-0.12931246322461581,-0.35872536055051685,-0.42713233022955,1.0589355619406875,0.8862879858054571,1.2232978643126233,0.1517831797508239
-0.24274392653559498,-0.5728216293297257,-0.0818524347528943,-0.10885442643519201,-0.14441178876514282,0.30886465877222047,0.90920618354332,1.39528633412192,-0.09692920842087452
-0.35638138934375835,-0.6007420748996728,-0.027053041486599906,0.03476102957548899,0.04049145549067182,0.8511131697207024,0.824849995410725,0.4214778580147834,-0.3752894424001624
-0.3509314253677845,-0.5800251731686183,-0.019085578448565895,0.024020503468922448,-0.0192877642697133,0.15478345593387322,0.8759274074089132,0.27439414823938524,-0.5331600637427607
-0.12649863290329896,-0.4381533353307612,-0.7071681135943592,-0.43722166669653567,-0.08371214085258223,0.15658356091947323,1.0056407063489703,1.1430354553554902,-0.11221637550974353
-0.1511691129931232,-0.4601857779745418,-0.6828151872708359,-0.3819233833588636,-0.14024847141029498,0.21750067895866862,1.0329500549691852,0.7606515867691357,-0.08064253488231064
-0.20444284801912604,-0.48373049133994445,0.005139267113812782,-0.24740669716893166,-0.4584605525029527,0.15520751612533845,0.9068690258883594,1.5360199565111923,-0.051214187001935335
-0.208089086919249,-0.43267715954385444,-0.12857407095813642,-0.34661256372064525,-0.5225799873327432,0.6775860500321969,0.909311595161181,1.5759748254437413,0.18298889550615738
-0.1446485948791164,-0.5233727912756381,-0.4291567072801513,-0.2778549802057442,-0.13359342965531318,0.12050264786217271,0.9115752927848554,1.4934543430763836,-0.05786134328899258
-0.03444570323004703,-0.6208033469280811,-0.2646536288165429,-0.21917045866488324,-0.04977615614536174,0.36239248731792445,0.9420196846396744,1.7101267404155824,-0.02715795139573085
-0.31744055918375885,-0.5758364015207768,-0.17846118158604896,-0.07884568512137743,-0.015433415592195989,0.6853931295404966,0.9389653084416806,1.6040219026378406,0.06251788068256935
-0.240212474626835,-0.46808807888945064,-0.006419771615750951,-0.2636173758762175,-0.47388075917491473,0.46249215219682815,1.0131507549865142,1.2776015694889666,0.04991245744718015
-0.01289862498358571,-0.47692606789704367,-0.0880490212539216,-0.4309166027895798,-0.4388739234510175,0.7419467920414364,0.7458615450399977,1.0655284154999127,-0.08076550369110658
-0.26446087303036636,-0.5819146615585937,-0.569021364244638,-0.013687563477567326,0.3416722409979245,-1.0403158692124508,1.0146915784270212,-0.5074147550291012,-1.141019693474119
-0.30759475605944453,-0.551518197042291,-0.6319321506952513,-0.05484081523179111,0.30270574127759486,-0.5129119292831544,0.9088763742674929,-0.07734476831965667,-0.8224784945239977
-0.39999906052180384,-0.4219491435776212,-0.46559861043116857,-0.09097886902625756,-0.08251098839444151,-2.2342260018570568,1.0035635464169927,0.28969021064531647,-1.0794592468693915
-0.28550176095402807,-0.5587388381601643,-0.30500602068519644,-0.1143277701388451,0.03440469269046533,1.4650995850348179,0.9463304454979269,-0.2972062775263447,-0.2751214543378549
-0.32283844413515744,-0.5871885533803681,-0.2703208771644348,-0.017666419029887154,0.1219389530199953,0.661761021658564,0.9186143948706011,0.20950610058883215,-0.423282494951659
-0.26967091561258816,-0.41479528223948037,-0.45644275996312306,-0.28290427729895123,-0.28873722796938955,-1.1738417901557285,1.02245605281023,1.6553071246912086,-0.24413419685219756
-0.21554501797932119,-0.5694240055056932,-0.7600958331630969,-0.19097863967182077,0.32434464691955417,0.5707041941520891,1.1141978528135952,-0.10427005270541176,-0.39826072045874206
-0.3287118967001395,-0.4679674342475858,-0.5133809288660022,-0.13732282254053516,-0.04391699157066123,-1.5572811639171977,1.2093875079940706,0.608311742834747,-0.7037389432315836
-0.22082810154027868,-0.5869789942128393,-0.09900993887577675,-0.10370641998649174,-0.019313575441468795,0.8021175387793706,0.8735082475237772,-0.1922539587727692,-0.44172452808586227
-0.2227777002072439,-0.5489311212295506,-0.19644645201554362,-0.11681424560386974,-0.08915395430123414,-0.1314793816769519,0.7777170745176152,1.5067521563746604,-0.32487837165636424
-0.23166424368549163,-0.4299744123779304,-0.5101782013091868,-0.309516617694026,-0.19846646537789242,-0.014296964574559822,1.1449901885650235,0.25661213131330923,-0.36795001048132603
-0.18977546521584443,-0.45591518645044093,-0.5189075934407765,-0.28511861109166325,-0.0845231988613531,-1.1442855768745797,0.9857103727327324,0.7832149052505524,-0.6176330188347982
-0.1986032731362679,-0.43936082583648,-0.14799347801641452,-0.34041455673008664,-0.45804475536519745,0.8729582675991399,0.9630396338467198,0.8375583753923459,0.04084095392699114
-0.25952499171180726,-0.6459472123229465,-0.45471035522757275,0.021390507649316978,0.34334777349349854,-0.7130760542674884,0.9459175215128571,1.2593377473364107,-0.5355905365083856
-0.1726447448376341,-0.43229475604537554,-0.45549056612737593,-0.3378509825677434,-0.21056842557860414,-1.1480617514971116,0.9182983697942478,0.8344287958886131,-0.5650783318254662
-0.23077552102800697,-0.47347913522501994,-0.3339380434591198,-0.2428519394443696,-0.16234335789823742,0.08523872079563101,0.9946727105760029,0.7064042706884451,-0.36868112503158174
-0.3085518141882841,-0.510432265640131,-0.32235232920189705,-0.12365474166705676,-0.01897592071137279,-0.6536369865528301,0.9983033913288022,0.04296758553460636,-0.678543818429106
-0.19400957816665357,-0.6829292806532091,-0.46826626197038157,-0.02535226983949381,0.36817591106672237,0.7471779812560035,0.9147009254802239,0.8660603332248213,-0.23209613005255317
-0.06525995758281052,-0.3845922467277911,-0.2609514772586449,-0.44165385346498837,-0.4865848735192651,-0.8950755191828559,0.8676113895601553,0.5121019954887757,-0.6568954468106504
-0.2695174471286605,-0.32177414678786553,-0.11823251611855916,-0.37520457680053854,-0.5362712274940357,0.5708598174121149,0.8605464295704138,-1.7204600747857484,-0.9154163815738166
-0.19497161981568487,-0.3902638480495591,-0.23372746103452666,-0.3476960670973824,-0.4317170395063047,-1.2515526414340172,0.917498925341644,1.343766535448396,-0.5054421772138306
-0.26297688351926857,-0.37852603200872814,-0.24797815076577204,-0.33884226847309784,-0.44656038805310405,-0.3580851774625795,0.9229448758904193,0.4102391526092707,-0.40840405393604196
-0.2591842572321121,-0.4362787973268249,0.08319874929183438,-0.2135533763256672,-0.49860838413926045,-0.9160961955628673,0.8132375114137792,1.3036827422534967,-0.47276587853580104
-0.2087538655744872,-0.47950041539230986,-0.3564353664868981,-0.2433593352757609,-0.1343554808652725,-0.3977172449349659,0.8502424340978323,0.6812253525611932,-0.5010692556562035
-0.3543158610801551,-0.45173116187116025,-0.3386580130761608,-0.17835832929646617,-0.15290410348111777,0.120962337844368,1.0249821023125036,-0.13980746333406233,-0.4952581882203882
-0.1690110748345707,-0.49977494248217963,-0.46713277902992956,-0.2684425789954165,-0.17510751424040868,-1.0621868776565413,1.1575873308270495,1.6577740921080486,-0.1978837607269694
-0.3264195489536007,-0.4863649353057766,-0.1649189799743689,-0.11811364171505725,-0.16936775410607072,-0.5103850798924919,0.7614480703043015,0.2992008828029301,-0.6571609807439979
-0.24102992963570075,-0.45684413205014773,-0.2137613012569819,-0.2359327543030313,-0.20988058622729366,0.36696645786948306,0.8647207445256426,-0.4226423650815148,-0.6533825606571905
-0.16322341419075043,-0.42447934475109905,-0.3998494335650632,-0.4101810756855942,-0.39013862552873374,0.06719239660159382,0.9949802305644254,1.9610473654746687,0.20103890603592986
-0.2273707066117491,-0.49576569040709845,0.131661567281169,-0.22877558105837695,-0.5064834799112843,0.7523548749962438,0.8861392591249136,1.671816740426501,0.17444188732018337
-0.11658593135280486,-0.6841757841221191,-0.42404901104014686,-0.0996197057551828,0.16691362632252008,0.5205640624848238,1.0601233853319498,2.4615555305602888,0.22567491816227905
-0.34073697766005917,-0.4266261401514086,-0.05691784590198806,-0.17472903295472916,-0.3459503998914899,-0.845192363647355,0.9138716183028427,0.2917006546920193,-0.6752318405873026
-0.25347682842244096,-0.6628055633540725,-0.5415620043285225,-0.010131349628255425,0.41969517179526267,0.40437746560974336,1.0919818529003376,0.210341027073602,-0.42545770276651973
-0.26046775650569465,-0.6111539828675826,-0.5363786228461631,-0.02992385987391444,0.2838297600317291,-1.0697501867605177,1.1463626955982824,1.0644813376895144,-0.5514637349572983
-0.2736377380420426,-0.5765967867428015,-0.5302329352919132,-0.07890171744846697,0.17255354859129463,-0.6347464138071021,0.9712398406369629,1.3018925857988641,-0.39387262711958065
-0.224496479226506,-0.42639275393815507,-0.5604407749674348,-0.2766654681154936,-0.12236075401940719,-1.234050680863448,1.0694137247478586,0.5971810285574652,-0.6792836673402363
-0.09879649003287526,-0.4404922933006987,-0.18612925171633868,-0.4620645332213739,-0.5426597471837793,1.8803055597667633,0.8981946685824747,0.9610175875919558,0.3949552396374691
-0.19655135948640945,-0.4783374845596643,-0.2918076068834813,-0.23643645827022386,-0.17140222850856923,-0.5138038535785316,0.9641629917756894,0.32426650867308604,-0.6362126516652418
-0.22163414067970533,-0.45757782240013756,-0.5015226885929571,-0.2741268460290954,-0.11086290981069528,-0.7306984691390618,0.8814642283167714,1.1270417012598526,-0.408734326893184
-0.18752212659304532,-0.49566257700736466,-0.3780384810243789,-0.23712956323560447,-0.13824809983157027,-0.5925732181243812,0.9644402198413976,1.162058207502743,-0.43591572099747616
-0.22161178507835294,-0.5182786580034139,-0.410290935123239,-0.21474889526973187,-0.057997684593724584,-0.15532480402034413,1.0047524939965498,1.358317094989142,-0.2078361834119021
-0.1650248057811278,-0.5766388204795216,-0.1797817888150222,-0.21716059869033633,-0.12443357028579795,1.6340934455259424,0.836611254902753,1.1258175461544462,0.15094651730603614
-0.26844186102509165,-0.4305677007368421,0.1122754267763094,-0.29110906807867903,-0.6024045178945632,0.5307848328820016,0.804320104927393,1.8325980247341516,0.1847005016353053
-0.21082792641693074,-0.5034750470507405,-0.25862568857759666,-0.22296271372599596,-0.20730451788133916,-0.028039553353477967,0.9709202283659819,1.1213015334261904,-0.23426434602539672
-0.21718840323492056,-0.4053254789616653,-0.4615760063528428,-0.3934967701363033,-0.38763086332862084,0.0791382981698335,1.1317745126911443,1.1947246398218805,0.09580706614651752
-0.25479717653801015,-0.5762022900800037,-0.09584153522738408,-0.05802571006631152,-0.04297394417908752,0.3609352710624134,0.7406388943635036,0.5642085695781526,-0.47034445484197906
-0.3075841658623703,-0.3328428003316421,-0.5274598265311669,-0.33885383679060915,-0.28927753660588057,-1.3443356901349557,1.0535702555989421,-0.4932610313084779,-0.9310942955521847
-0.38038851857655026,-0.8055825537498598,-0.43661331684773075,0.3338101174467335,0.799422101819425,-0.40902718932686516,1.057710622092859,1.1466737503025348,-0.650056430340678
-0.33089668777260905,-0.276934266711071,-0.3753561496994263,-0.41328839256485805,-0.5399861041120576,-0.9990669765744606,1.0162911113397168,0.08972201967341761,-0.5858954654450822
-0.15970145032633354,-0.36048942980317994,-0.22529540730370523,-0.43996659367910235,-0.5511783934309742,-0.13558346786573527,0.9896837103747073,0.261160456922812,-0.37511384997097363
-0.10444062514172829,-0.38969877726802477,-0.6470434548244407,-0.4558738827607052,-0.22162777804950556,-0.5687527881209655,0.8464818641997787,0.11372699411558979,-0.5841586765455985
-0.0873717530332137,-0.4840467501338778,-0.41677665131972375,-0.35336622675989593,-0.21479236551562816,0.017370561785229277,1.0249526887709346,0.5408749595820237,-0.3078434418402293
-0.34391021963998447,-0.5383653170399638,-0.09134693110677425,-0.038138378951852625,-0.1381791434633817,-0.4439287576888882,1.037090609165994,1.0694892146126087,-0.4048331670727108
-0.32377456572842,-0.5978151194159788,-0.08549208719349509,0.010341534857672393,-0.045517050158967155,0.05330880379015069,1.0674566243903396,0.9603679719585456,-0.2604682892068634
-0.0023483901553852703,-0.3984681842252818,-0.03530691600458177,-0.5543773945776858,-0.7268915313324606,0.8994777499669033,0.7936310105456449,1.3878153006460643,0.1491639097135452
-0.20063139911666572,-0.4454755315887835,-0.24564970420148965,-0.3119476302744408,-0.3384698776103683,0.13336050321482343,1.0151082271854501,0.8594145615765437,-0.19227032853982282
-0.2435842715220969,-0.466482359035033,-0.22172469641498704,-0.2666722965719857,-0.30462755807509956,0.45397393187889806,1.0244221397346847,0.8232549348812784,-0.13789921074426073
-0.354950025796182,-0.46231644154650636,-0.3720260802464293,-0.13119316383167878,-0.01176579572970284,-0.7102611458811692,0.9337385619884138,0.08315664395206936,-0.764797007486743
-0.3105616331161321,-0.5156199125841314,-0.10869118498657301,-0.10782166917591045,-0.16652073204613088,0.7069650652884374,0.8877720827764206,-0.5522102139671158,-0.5544611595664649
0.032332833844265184,-0.3756983389120025,-0.2448275118563476,-0.5655358108985283,-0.6634439516054267,-0.5656622362413748,0.8683951498778572,2.0761064571089953,-0.06239086590834686
-0.33033929261213596,-0.559803365694037,0.13148317195558804,-0.044192878383489856,-0.23716949167697038,1.6281405524091086,0.9277742300566529,-0.11646978303296596,-0.20281297245012614
-0.3785648473651803,-0.5776170129149367,-0.0019566151625251818,0.04231769853167291,-0.005651361155755745,0.19387315741144004,0.9036897400173491,0.8894811297911287,-0.43212648054086433
-0.3157037352000086,-0.6561246662878625,-0.6912903123494812,0.052588506728747604,0.4909440345271873,-0.7140487426297413,1.19452396685263,0.8576716984055317,-0.5024084367303913
-0.29737789272902315,-0.43583216648131723,0.07012164539060999,-0.20343581843235697,-0.42757162650764247,0.2579163000823667,0.8171891300785559,0.03309499103804527,-0.5186531498447913
-0.34128334629656293,-0.4699467850193369,-0.36930938883926634,-0.1213437093532826,-0.05486522166781248,-0.814769138082068,1.0327605713212709,-0.078726541882028,-0.7885958484791951
-0.3510122796661078,-0.4001413629529342,-0.22450308156564053,-0.22121903629859113,-0.3141709883796384,0.06907904690332077,0.9713249340129512,-0.4839149647597085,-0.6157053640896558
-0.25383459111931256,-0.422423826397037,-0.3025674336590363,-0.26671349291171764,-0.21941293354862274,-0.41432074635014693,0.9043588298134384,-0.5527950673012221,-0.804713331674609
-0.34985401613271194,-0.5617874348777592,-0.4605450010567408,-0.0570771080393335,0.15080691372251961,-0.30266545600883454,1.0524883665208393,1.3052894563855046,-0.21152283537929095
-0.16195322369341525,-0.4266709741735427,-0.12862078671340405,-0.3700109954129242,-0.4531513423779673,0.3877131122175492,0.851454505097657,0.5714935977846272,-0.22037743526234643
-0.2633744135811614,-0.5424667869702527,-0.2525549106124907,-0.1177435384605508,-0.04541280551997525,-0.5610391908287223,0.9606216238925164,1.5158098505753965,-0.31911443887911967
-0.214801914951072,-0.4839509109770041,-0.6346390049765958,-0.26233802481574037,0.016054329567858665,-0.3213312308631503,1.0062119993950214,0.6603243917161017,-0.381061689050592
-0.22437671465810824,-0.6050646970987187,-0.2157624288882244,-0.07801032472123567,0.007782737999596119,-0.3734072463995083,1.0059185305003724,1.8402806930998412,-0.21371178160247106
-0.26295938831200116,-0.5784213521397565,-0.15984108315479895,-0.057652895677137675,-0.05252784780105235,-0.14465641179926367,0.8272494814785225,2.098022170528184,-0.1383686720105384
